"feature1","feature2","feature3","feature4","feature5","feature6","feature7","feature8","feature9","feature10","estimate","z"
16.2551227062894,15.9554253355478,40.3956614267041,4.52256658580961,32.8736877531168,40.1401776040142,8.92989586663431,24.4496201594198,4.4385129852721,7.78871738944289,30.2370947410076,0
12.5814038620047,41.2622672727033,34.2719682899801,4.1036146474409,33.923014837644,10.9920224772198,7.86275522090836,25.360525542877,4.27682135574384,12.3940136154425,-1.68298731163095,0
12.1899041116874,33.4591012131453,24.0914435680127,5.34079729400957,33.296166498592,44.8568878536462,4.87854559787367,28.8311488928118,3.9715445387584,10.3708259312574,-31.1204809648531,0
14.9507824830637,32.6006121189803,29.1369299744517,4.99853750729753,40.8223222353715,43.6256692894832,9.75799222018839,15.6818905413419,4.60896159899839,10.1228468566308,30.9633752614025,1
13.3611826456907,15.9873925753468,29.4001828946807,3.6122591267969,24.6197246650534,23.9143579977334,2.92199319731072,37.3078766447066,4.5223238976546,10.8894932441283,-83.9632352856996,0
14.4816540444699,23.4360503813594,43.395591536487,4.58164388788121,37.5806288063207,34.6211720530554,8.73076978453737,30.5666789560931,4.20580496960163,7.98474999628625,-3.30530859100214,0
12.7498409737382,25.9399142693352,55.9282926311809,4.86740344338414,34.2670703146554,34.5743491203133,8.9200701614785,53.0617028604812,4.96934249547918,7.92038379660005,-45.7196154841955,0
14.2857338000619,31.0987107187336,27.2307462949455,4.63622694809576,15.641913764587,43.8673609209599,6.5113666218321,32.108618622489,3.24021477984502,10.648041688197,50.5754810909142,1
17.1835471535371,29.1766878851909,49.6561281752243,4.8334904951848,27.3912545643697,48.670278005259,8.77433938387708,36.8308705959221,4.36331896852683,14.2697186030275,58.5423190049051,1
6.27490751464766,36.0127370114889,41.3845526732461,4.15176659100946,37.7189163651386,47.8720331739781,5.09274312220579,13.3833389951221,4.29206956864836,6.54899966851281,81.9959876764251,1
14.8799248242023,27.5549366374013,44.376064562602,3.95727557828864,36.3537738496611,48.8825634518605,8.6658506976944,28.9348864068423,5.09977894595167,10.7376979069529,37.0047701028107,1
13.5254941646272,24.0526082233915,62.1969990638325,2.93326942284505,29.1286891322457,40.6978367118596,5.00001918290389,19.0081525004117,3.45636242223731,11.5177256679015,133.581436529136,1
17.686216260939,29.0248359315346,39.9351035408893,2.9688390313264,33.0893773363408,54.9750084224464,5.06873237406574,18.4235042236313,3.21651235110786,4.74144469855409,118.76347151869,1
18.4845664445278,35.2935269186265,35.9925888728283,5.70918771937066,37.7164631185727,30.9071994498692,6.77691643895645,35.9003809488427,3.36060980941194,8.61476818242942,-17.6866343368945,0
19.3583991801364,30.7023301435324,49.1460595553566,2.59553302033468,24.297880187215,42.0418356219741,8.1296229838648,13.9354100240868,2.81890687749219,9.36182836617399,198.029681861277,1
19.4008668927788,32.9185906897086,49.023567537683,4.52263265339432,42.326166314639,35.7549063034761,8.99621308751637,42.418166219431,5.09075852550583,4.00072502478483,4.0250352667069,0
16.2444057159187,28.0068822996185,30.2798543158824,5.0237708831258,45.8418887664988,37.3265737498796,6.08422052711413,9.2288658813288,3.57953034676251,4.88323128052914,33.1780513783525,1
15.2079625329343,23.7593164119081,43.2484782229528,5.30262554647667,31.0377953360691,37.5492762147961,9.56300972458383,24.7319933824708,2.94636199280777,10.5407667787938,46.5879894409802,1
18.9600587974064,28.1050105005916,46.0262029473094,5.74336570888427,33.4278373977435,29.1505026698419,7.94783026672566,33.5918644274519,1.06128873231522,13.441875064531,5.97957951336136,0
11.4134920842749,25.6461920371383,40.9589327508782,3.54146057993882,33.3251798022526,55.2930440961439,5.76260040517196,26.9206761973187,5.30308770434848,10.5204878140576,31.5567373289422,1
15.7532608583705,20.285914871691,44.4726417252773,4.52730067060762,25.789784407021,34.1344270678939,7.04005500706066,36.9202398491013,3.85192247400764,11.042337525105,4.14135202783203,0
16.6741461525402,15.6695695469422,37.8624852728577,4.81030179214003,13.9928714555404,50.4228790412772,6.2861438902353,31.8125383180879,2.52316660755628,6.71947867592121,81.2814515852525,1
10.786901072566,26.6394747993614,44.326777492052,4.5204103610094,48.0599977520143,43.5965660338684,3.83768322947072,25.5713154895545,4.49322657423322,13.2088541386496,-51.3424106083676,0
8.28429064047607,39.5723974418007,41.0046138060052,7.18181410221402,26.6587913284749,45.3684532989787,6.2757677220732,26.3808949116233,3.73206894159055,9.61645526673534,65.8317242579148,1
16.8234248065759,21.6588218080418,37.1141872336353,6.38046655605515,9.49671117952147,35.6399721812162,8.7212199925149,20.0520632519699,4.43033705854304,9.08493150046793,141.763104261903,1
13.7960375602263,26.8414997592039,14.4384225162698,8.36021230284407,20.4513984326702,41.2121031479403,5.07175083521911,28.9153868629846,4.03369484169486,8.87061214168056,-26.5117231021879,0
16.3311717052546,37.7758340403615,37.8330813546447,4.85172757752483,45.533857858643,19.219514553694,6.68812142225269,23.1302354004096,4.13641013857668,8.94921772389232,-6.95004926156402,0
23.0727029509925,23.9348018454115,31.7957374099547,5.40314658906255,34.0223243280815,39.7526408130716,6.37807318350466,29.5698935297893,3.92961011762168,10.5723794834619,2.94087142344424,0
22.8338810103766,23.7029515242732,70.2136621156127,4.81821689042577,29.6146733639255,50.7475656207366,6.22340120168022,24.1204164422081,2.67659535361021,6.02276972838407,202.774382617017,1
16.0066984957471,45.0052266465075,32.7039653735593,5.600735724258,34.1123804279082,42.6704127298709,6.75187233353715,14.903844124629,2.63683888364746,12.0085868278883,97.2133222195729,1
9.98726646492565,24.1648365548733,41.5931067530606,5.09782082441883,36.0255686399793,30.0274040032284,5.47076192757063,26.5373772454741,4.82051914742694,7.43695885225095,-16.7442748700565,0
18.7826736968249,12.9015252208077,51.6478018104986,3.29725408528902,28.3969828378311,47.5200077828014,4.84861600450451,25.0797961779654,4.8372838071266,7.60207156680536,87.8568459314633,1
11.5735541453747,16.156523577999,19.8588297210113,5.24154834403317,37.3346470299496,25.8404745642219,5.3504329025591,32.8113405613489,4.43237628765511,4.52804591958011,-133.390105907033,0
18.6336159632233,28.0011636500267,48.8328045086325,5.95254664990073,34.8688689367433,51.0982222385924,9.51240624056311,28.2547178224682,3.42929464551836,8.58451066761035,81.7124995521615,1
13.5570914747224,23.5151902448798,55.1911038415488,6.04745280825173,30.9243761962025,23.1440037243326,4.46285432154831,24.0045414288335,3.67456469001215,15.91880736191,28.8123832850595,0
14.0492947795039,22.7059138721288,40.9713509175085,6.8100322556736,26.6549925485176,53.1042153240873,8.14213576598633,33.3534055543272,5.83559652770954,10.0811444457809,29.4998497879634,0
12.7863845278545,34.1778495296754,44.2097927170546,5.21597295780256,32.7984872006427,62.7662088672368,5.48482886704839,22.4989479101075,2.77192360104129,8.03064818669993,101.25357671971,1
15.2559434810854,25.2987293615827,56.9493762586233,4.38303903671713,27.1787005899099,46.2461725320032,9.76303049968983,29.4706991462853,5.70080828783902,12.1359870834367,106.243941732267,1
15.253391272859,15.1930421910522,40.4181682316658,4.34364609119634,33.0824632671548,44.876323246603,5.21737200593385,29.9427159826278,4.26917974822334,9.80875005664651,-10.751109491381,0
13.6848908276762,25.68743590937,35.8875145033455,4.75487008862417,34.8684675611772,41.4218746599228,5.78544078155504,29.9599527127246,4.08091529915715,6.81991250915764,-8.164584952063,0
12.8850139218754,42.493495613097,11.3706872730086,5.73262969397559,45.064190986469,62.9207034984934,8.04614921392582,28.141054577763,4.91632401438965,9.75988994579814,-60.9191477374603,0
14.1508391156817,28.1486460199072,44.3618179071397,4.51954740797443,35.0118297090106,26.2088848919287,6.0745013078166,21.204639501569,4.13366404995623,5.22591190000248,54.8371977178199,1
11.8377091653375,24.5604904398331,43.8547254657276,3.04797742826031,24.4766995937912,37.2356892878647,4.80193610472469,26.2019391530317,3.16256859473001,10.6425027205525,55.3338493066011,1
11.2307420533949,25.1373796376596,47.8496983936737,5.52325400561591,38.1759881663977,33.3772855992237,7.52544553420122,21.1713434043494,4.51979156932601,8.26928087720368,31.4442668942605,1
13.4604669070864,39.306102376698,46.1035099652606,5.61667968392702,25.2682319647181,49.7783274571269,4.90898600649558,31.9800328673818,6.02394226753627,9.30971324535258,94.7761318044986,1
14.6536817037985,23.2531835455273,42.7224739863971,4.8805081028548,40.5717857981761,32.9062211347355,6.10685048703407,23.3068377042601,3.98185756237618,11.0532116688025,-7.90730221404723,0
16.3163900485164,23.4654366553275,38.7015336668802,3.11223550851931,35.3451214413175,41.9657132646527,3.60735881460448,30.3152651721944,3.99648213788483,9.04250950657752,-1.56945025690744,0
11.3740563788312,27.2235145794481,33.1365859880117,5.22737972676981,33.9918029321772,50.2262659621622,5.46637173104146,20.1769799166794,3.0969352528511,13.8028644900125,8.31220435722975,0
13.8679825017014,36.8804524209831,30.3311967316577,8.21728510999716,39.8209621391804,40.7339497812086,7.97898204268835,8.86340948905833,4.00120473421866,10.0289284379292,57.2804135173045,1
11.2804468566293,35.9261650310994,57.7869583747678,4.6544581038962,32.6545342313804,47.3205854424506,5.54217041059648,37.769423934977,4.56356706234821,12.1074283016135,49.7642328765124,1
11.302547261733,34.6875446290592,43.4365150644639,4.19614888673104,38.0926123797036,31.0523925150688,7.07432374716772,26.6437455425264,3.64091511248796,11.4938435911672,7.98239719926095,0
13.3107613066784,28.4522861343993,56.0328923934972,4.93433553665102,25.1213491501107,43.3484708973503,7.37462011231632,31.1414768931407,3.32146277834683,14.7958680069482,79.9477398859383,1
12.7400787161712,29.9981026093056,55.6631464225247,4.59023984754368,32.9478517690185,25.9451977984179,7.0624719814025,35.5114104664092,5.46674191592349,10.842939041907,20.7935612505642,0
21.9300709376495,24.9345597764134,44.6238026096123,3.40204441844191,33.7482853496801,36.7254382755722,8.88114232016488,36.213942939218,2.71283507908718,15.3274076368742,5.85841158464656,0
16.4921286201929,19.3186603117302,37.0785828846605,3.26052723863043,23.4406124975143,29.1025833442079,8.91863384299536,19.1756278650467,4.52049535191206,13.1127776835042,66.0461730453696,1
16.8463810098893,24.1318357257366,56.6828742698483,4.86975971700369,28.7811148300598,43.8459059735201,7.60477224090058,24.9938812817961,3.76420532728839,11.281355372179,110.223573662101,1
12.3845327985781,25.9080427838746,51.511017537126,4.86270734034427,41.4706091561884,38.3529680454783,8.33019655321927,29.4267629921474,3.76808493798632,14.1291821029356,-10.6205942392252,0
16.4120499964081,31.4802304373913,18.5682156746107,3.14285862067154,27.1000817062434,34.3179029022355,9.36170878924746,34.7389048014934,3.77168242695474,8.40426570147726,-23.2212198961284,0
15.5806782597179,38.2763957045885,53.5161528819259,6.21212095462085,36.7010483804923,47.6269565316134,4.02838956003011,25.8254122014208,3.72181922225102,9.25290680421439,94.2021039543644,1
14.6450706149666,30.4556880439705,47.4243510542424,5.86016399039556,20.6118579242096,28.7173173892554,7.65027529548963,34.0451700759827,3.50250814367853,5.52617247882688,82.1369070027892,1
14.2197085906823,43.5600357703373,38.7378561059409,7.55651385103943,44.9804225557939,34.5476353476705,9.30912993493381,23.8631957861588,3.68841665425878,13.1118439806412,4.10511554213295,0
10.6527546742807,28.6007385939793,56.1886523034378,3.25989623522887,33.6494030818059,30.9749355426461,6.75396148093699,23.7499058721878,4.07394947246186,14.1562601471612,55.4961461770565,1
13.1820312522444,19.2847010891883,23.4148994757503,-0.0121688655087588,32.3722197772743,23.8178337963167,5.86134550530526,36.605002033234,4.05399764904046,11.462307831386,-108.051726298952,0
9.45949529635348,32.6550693346749,54.9802120478065,4.74787269459003,30.9217810429895,11.5871492423106,6.13126635139061,20.4554636917742,4.90406368495014,10.3176502815603,67.4057359247544,1
15.1956814517842,39.7059889590261,37.1759971532538,6.53238933049936,27.0459505741615,40.1566474617542,8.31053317150837,37.8797444548686,3.31822591730617,9.96117324884844,31.0715445396347,1
14.3095403396519,34.1507346925032,40.2821251550176,4.97283569126495,35.7569890528097,33.6009537992559,6.02746021415591,36.4875285090625,3.23862326810479,8.71813017920757,-18.2144003801582,0
9.52326664295651,24.1381760327739,32.3634740123127,4.08587891333827,53.4757078121644,34.3139031729138,6.17835713923925,14.4497578082195,4.63818595652369,13.1765982436086,-83.1303326292144,0
9.71528308310346,42.7405229769554,31.4619169974128,4.27310681796733,18.3305734800928,47.1393049248998,8.32609908507935,34.2472930171218,3.33977182609343,11.4235294071222,65.0362633916001,1
12.1276694910189,29.1855255181567,26.8937340864425,4.86525289653661,38.9058970455836,36.5181401980617,9.30017500448229,30.6514391203862,3.70186918933303,5.87421145314154,-48.3007812708568,0
11.4293422783511,31.8509339488929,33.1381195761885,5.24898337023187,33.9926102893256,39.4985490109817,6.52301140747219,31.458259038449,3.69596462971435,11.7616736855261,-30.5854807787985,0
3.0808716485054,26.1268063948767,48.1612980984925,5.80817989686559,30.9700969286466,37.2879314099296,4.7529601957966,31.4080765255882,4.71694334427975,6.53401149018466,-8.47789323609349,0
11.2143537436064,39.0455012395645,40.9666688894734,1.96798734663824,41.4881292203155,37.4869126356916,7.91631003404939,17.323055597162,3.70381569576245,12.1766231361371,52.6727359854165,1
18.8866280151433,30.991360969651,35.5397207613585,5.37072756251426,36.2394422495001,42.5652806643974,8.93113128548025,33.2677932650622,2.41972400841369,7.67429325071121,11.3049999992344,0
8.29964228786735,37.2719859671628,62.4024006185121,4.8006055162245,17.9959925041504,20.5341338127532,6.72651434456982,25.8132661053871,3.96812616080545,7.42808267233326,154.65128465736,1
12.5111529267595,33.3338375730514,38.5935795660998,4.29897294005858,26.818712277668,32.4686054115322,5.50409293709194,19.6974007273702,4.94529193156279,7.14517450881243,87.0283776401143,1
12.7289200150322,20.9623868093597,47.2839979596015,6.22745073987192,37.475057263678,44.2196171498269,6.83760062863569,30.6678905976784,2.71470917634368,9.63588240245093,-10.0210774871279,0
10.9526504169966,39.4392012056325,49.0770876627019,6.1050006546157,28.599442187574,25.8690048148485,5.45335874137011,23.870065566712,4.32226087008303,5.74760498704161,94.5389784693395,1
15.2285333740212,35.3410636702657,22.7304990213257,5.7415060425727,34.9379148540112,42.1119005747586,3.49151308034255,27.1489036116067,4.25923716981658,9.54345191849776,-23.5958821732983,0
15.9947549807747,16.6401249465411,48.8247335792912,4.6680083964757,34.4157194585489,39.4794755475077,8.33633300721576,33.8683838358031,4.80866778792882,15.0507435506139,-20.1308172709023,0
19.1011247656046,41.3035280224031,44.0603375575221,4.62719289880859,22.315836931013,37.5987686999637,7.42290809771072,31.3884724945007,2.62465205884732,9.63180792656011,124.058463719908,1
7.14490573193375,29.516062770974,35.060130158537,5.3475013382455,29.4712185094596,36.2852278694246,7.39836344939792,19.3358107951261,4.62003696481541,5.80759402547479,44.3294338630326,1
9.75665372576506,27.343712391446,44.0615270621872,5.48947007599389,36.2351620769646,11.8387486480041,5.91698261552365,19.2116749493833,2.12386773423131,10.9905849185853,-8.57684400824637,0
17.6934116417548,22.7644650060229,46.0228208264542,6.05559519351697,37.5509612418436,45.2818102074455,8.27687491343695,41.2637134476318,6.36979200899263,9.01305175583942,-25.5828451377545,0
18.0623558098199,28.8085496156274,21.952332371932,6.19202516519012,27.4976831835007,40.6370560630457,9.5475204923169,24.662980803418,3.3185186187808,12.4604250909649,14.279916358484,0
11.8019546276267,38.0346532072163,40.7234099187184,6.54645176836878,32.341577712742,38.9604532254444,7.36085025598157,36.9940320576141,2.57092594755968,10.5697539271398,-3.94115600142983,0
13.451117778773,17.6127770135328,46.3977948017168,5.25481697006905,26.2769284333946,40.9118944527893,8.50360746914801,25.8076010042115,1.50718571459915,9.41925439875662,54.2758138845993,1
16.1648781141073,37.74337380859,51.8098439481376,5.79089064954838,42.8155040624055,34.0994275788982,7.06736049667284,33.4834636083747,2.36636526688985,6.07562056687392,30.0622695063926,0
14.7214105183639,31.4787863113285,50.2433188145195,3.26257270031867,40.0702228279021,41.9468404254571,7.21263754764664,31.6109770703275,3.11544127229518,9.84784348312748,27.4551843787924,0
14.7282132926787,38.6599380984894,47.0637231770807,5.62941670339898,34.0982871098632,54.9093774241136,6.21138985843769,23.2372424355721,2.4978635751718,12.4670378951223,99.0599018786386,1
14.6322782131468,13.4252682172799,42.854766153144,5.00094975060192,27.8710118799727,19.3013823396367,4.75534604736439,31.4649900338684,4.0311330050293,7.86081638083261,-24.1310853638676,0
12.9511006710332,25.0803216367368,37.2818564857632,4.54426517240576,33.4626334425655,31.3418726774675,7.77507264201406,28.3257351190231,4.20709091946972,10.1273391147979,-12.2534012704326,0
9.44250802004833,27.5198718535732,37.6418228169611,4.79262563232631,35.7285498984398,20.3647815756394,6.01833818030791,30.5919212943439,4.90838865124008,8.27657827348296,-53.3239758256841,0
18.3916430329873,42.2078280752442,43.8195270136224,6.07367019772309,37.3966543082721,43.1138285533687,5.46831771883538,37.1607349704443,4.63579512195864,13.6698746794222,16.2911155956706,0
19.2779326394528,32.6386003595781,37.2451398438079,5.30651539008684,34.9105453614813,32.5228517856926,7.39662715729895,22.0829493430941,2.67464816474815,6.97688551963738,61.7299990325032,1
13.5956230124053,30.6574745521615,44.185348152695,7.1504121859531,34.09715552046,32.4048421948513,8.83204437368785,22.3517672345001,5.4219923794611,11.1050937229286,46.100138519987,1
12.6973166161338,19.8862045533694,48.9671088556075,2.93128585036139,30.7717972031266,27.8118021226473,7.12642547513143,33.2226836538658,4.82909569033647,6.94245899477065,11.7177244681532,0
12.053427347637,31.7336190308794,45.9497199392729,4.6355591459875,31.9922840124638,38.3787543252411,8.93599786552911,42.225102752992,4.55979684174827,6.61338412357287,0.363679701202372,0
13.7365289591882,38.5019062291467,41.5396995505143,4.97341552757597,39.5166380370985,41.4888857047054,7.19053163429783,36.729161370562,4.43511184678037,11.1791455022852,-15.9641897570554,0
9.1077580055666,22.1219871326222,32.2224273158159,6.83861849310831,27.0324044777052,31.6940640699067,10.8943002075335,31.5271653162822,1.52668781832634,10.2700129817022,-42.1250004344124,0
19.6868326219973,27.378860393871,46.035890714607,2.35747987697562,37.2000132828215,37.5259584550446,5.17012914797865,28.3172556122597,5.13948658082524,4.69714928386054,62.2301013269133,1
7.97682057134659,31.8104118881731,52.3399233099169,5.19766378002423,39.0738722810534,28.4401056051648,6.10546674491102,37.5685839485289,3.87007867072435,7.10631150637214,-29.6867206657419,0
12.5016788961399,35.2373381549129,33.8891630705602,4.32903525820404,27.9292345329275,41.8105285595517,8.64602905874811,43.6016091331852,2.42812534826506,12.4825550720111,-32.9780554020952,0
15.1994843349466,29.4604950165877,34.8753207550839,5.7402816228851,31.6532629185973,40.2529701433323,4.48076699963974,38.5218937798841,5.80362492249296,7.38439344734541,-26.9518614277338,0
7.27489002147054,30.204012129356,41.5593157296055,3.91462056862919,30.0355922265329,41.0426107971609,4.72686898471878,31.4880527869441,3.33611181339367,11.8925437306546,-5.4891518370819,0
10.1269787168064,28.5470035764304,31.1916647922106,5.04202581358885,20.6842234408192,32.3533600105557,5.89168506356204,34.9979413339768,5.16955413086973,8.75192391680729,-5.11573959185863,0
11.6725862169527,28.3198411763587,42.7717063275061,3.37273359370313,27.1044024125284,59.1178912099151,7.0485565631936,35.6666040688679,4.68654666809446,6.09434034992988,58.7710066665528,1
11.635852116129,37.1562683897793,40.4987545865746,6.01374903634579,32.9869140011718,28.2340770701435,6.35543281826291,29.3802098297176,3.409892282359,10.9536405584292,8.25071756500303,0
14.7977231500255,28.174646603751,41.2102088653022,5.37530357113421,39.4365184871349,34.8033477859398,4.51990721940511,19.9197821267476,3.91736135119044,10.6234027146812,18.2774378473377,0
13.8505447174447,27.4789457583858,42.7811118284723,6.1593508858971,35.7955505023487,29.6340555369368,3.96817190720691,26.8759777299103,2.69724673353345,7.40838869333482,3.83663075004273,0
13.4539393973478,32.6427668887971,27.2230912046549,5.9012606463077,46.7788283846525,39.0958024380474,6.45660019093047,25.8772171583898,4.54244365190068,10.2379846120414,-70.225111447463,0
11.9567720424653,40.8346407987347,42.4042042911406,4.0249176643841,31.4976028212681,30.8820517482928,8.72400467617146,31.0638191733308,3.68192462983198,10.7809536120528,40.8050857430548,1
16.4132210444814,27.7001521455866,37.0731008727035,4.01336756053126,19.6869092761006,39.1985757432809,6.99247842469157,36.2675390101323,2.9432620356501,9.31310302318761,47.2663181906395,1
11.9360343090263,32.4390708652004,36.0974246726352,4.44426124542441,30.3675792202644,11.2835875045348,7.41871995741284,37.2627977782529,4.68225363512155,12.3175043680405,-59.5830858226931,0
9.93452533945477,34.2143056373255,44.085362135254,3.48736565361872,19.0061965544139,29.4308891059618,7.52633088757486,19.3733272799518,4.14922260371025,10.3873761538812,124.677231437253,1
17.7609984116999,42.9516045381645,53.0019816951288,5.09742575156388,33.4225692786539,38.3723063541746,6.41754821871977,27.4513051479352,4.22131287474997,8.01261312640647,122.288072626446,1
16.0593179693315,16.0144804791033,37.9977451668853,5.8227426365408,29.5205359969301,53.1994090591858,7.35520112715785,26.6038658936293,1.90295622110127,9.41312371646846,27.9449295567225,0
15.7365939651577,40.3403346398208,34.0473173219206,4.75022919571386,23.6386880850415,24.4406353667046,6.44709257574838,29.9398223991889,3.83199003502419,14.7931697196151,36.3020742720827,1
17.3912511140556,28.9326230127429,35.1809837407845,5.12798613277102,36.0076284308381,40.3026419354689,4.86529423747658,38.4380010893025,3.92957229046221,9.54063083634922,-40.0861956485828,0
3.86628102945758,37.1158427643267,47.6698311896783,5.44135692360446,41.7594873046241,33.6268249238557,8.02377776603754,33.7919639890899,2.86148069809225,8.94585487988274,-40.423249061267,0
5.30140851026354,13.7478753316042,40.5253574022057,2.35657503283776,29.8461602119574,32.4804255024943,6.57983700522658,25.4099935118655,4.73281610492472,11.1591990007823,-33.1202612977082,0
12.4480239110698,35.9219099995182,38.746272810141,6.93028301282634,32.7336056758575,46.0737423563663,7.60959399540977,24.611036051049,5.50435322258988,12.5915926966734,42.0554696049049,1
15.0164151665677,30.4705916760195,28.5602350735011,4.77624697064377,41.6440559696314,42.5247460365618,6.9675666319643,28.8117474960963,3.9201137713562,6.91587338072299,-35.5225122651138,0
12.3296002651399,31.7972646994184,38.1279415119922,5.1841893669469,27.7019862100123,39.8016484560736,9.00727786585347,36.5625282140468,4.78689181924092,8.00298236625052,16.8606432003612,0
6.54770778281171,31.1889593502292,42.750396178159,4.54978569119674,16.800893006592,33.7173180173113,5.8562995992933,14.6472255463726,6.23016174927729,9.25593335525146,132.087538214364,1
12.2110740791475,13.2057538682382,54.395974594805,4.09357013555356,17.566081612153,31.5663633428881,4.87606046821801,23.6189074758432,1.17960980049829,12.3544697449405,83.8905610403077,1
15.7937096076403,33.2741759781783,22.2594371718284,5.61410287374762,43.6348970173257,48.2495550799219,5.63359072619497,33.6162823522104,3.28538942148986,9.01418666975075,-78.6008821839705,0
12.9177040226751,28.7749352304461,44.5428884929514,3.38441953468289,42.2844025521301,38.4540069249319,6.86217789989383,32.6114322473504,3.40316497655487,10.792520551137,-29.2276455107849,0
8.38206029858372,31.7767064555044,46.9337486186404,4.6820455542377,40.522214493922,42.3601972758371,6.59075810041499,21.4193912375863,4.44892064443456,9.67547105409923,28.6429869114037,0
15.453175874171,25.6211384077473,35.7793452085665,5.40268642297006,32.9644958698458,50.4130586901534,9.03420662165825,25.6322246971818,4.54612858695852,4.95473062486942,51.9943488118368,1
11.3855731931202,41.6572505789485,45.9247130734703,5.44057914763755,37.5357334434889,48.8671054169266,8.39774083053966,25.6868465982569,3.00952630360128,10.2424329558575,69.2155382137144,1
14.9296090781218,20.9611875715256,28.3005824140581,4.4868645856022,45.1474576760136,32.0818157717318,7.24308373078897,33.7739250290918,2.52344837968125,9.93478530631784,-121.410336474697,0
21.7498018185507,26.2301749712064,55.6362163521848,3.01396264392408,22.2565273951467,42.0427203603185,4.56700074689986,29.0216672991483,4.41124448008219,8.44168062599492,152.7167200723,1
10.603114162174,22.6502393837533,38.9689422151082,5.49072409809555,24.8721777000928,39.6008183884613,8.05222971446221,16.2214813427285,2.85268409431225,17.9315984712082,48.8421795857109,1
18.6185026152154,39.9381300839697,36.9629656294743,4.57966078755402,21.5704166456112,26.992535812785,6.06924318498156,29.2875706207352,4.67939662984308,9.78975148191387,91.0998555944308,1
10.1770578052291,33.2058535821702,40.0615579122484,4.99216914432901,37.5763674739855,47.4060207364632,5.51714703993992,28.222850774558,4.21979609889246,7.03982160064881,13.4745936245807,0
15.1792512613237,27.4852148231693,35.7416626743871,5.11549374571818,23.8966076434462,46.5053776636921,6.29101958237824,23.4589060969676,3.56894354633889,14.3901747427249,60.6391482954096,1
16.2346687449177,20.9918993528774,60.5258781243167,3.62960551593551,33.5334676269394,68.776830833737,10.2122752010032,21.2142470414277,2.74861998730307,15.1275312846359,137.819911321779,1
12.6703672109417,42.781656470595,40.6467763174667,5.49796975490052,37.5341064807163,40.3923040317272,9.62923485916398,16.2865252242157,3.5392761300019,7.66189083193151,101.628100375583,1
12.8006017463629,35.7335961085824,46.392668028619,6.42963864506939,26.3978486032555,54.8317673803999,8.68237739686039,18.8469958918278,2.58795083436321,6.8003406420696,154.38609868464,1
10.1188508088454,22.1990262750418,37.1764261420999,5.40111659793209,40.8128585041433,50.6155016554627,8.52667611967049,26.5923200985238,3.75129331791336,4.30587275989324,-12.4135667752465,0
14.6750082643521,25.4446386177636,41.6673081013114,4.61761319008424,54.1337561480053,34.3248711378745,9.3694825249051,22.3055174384493,5.1997115629742,7.31175995610953,-40.3716810702559,0
16.0458887247066,44.9855513984086,41.5787950614186,3.99012541491511,23.27053410112,43.6608322133564,9.36063269614191,40.940057510191,4.09683651885074,10.6162320827098,80.1476923245608,1
13.1877512482415,34.6099092238129,52.3302732236851,6.06308956407428,33.1945794592071,50.8535518607629,8.43245788487143,39.1571976268993,4.93026243442959,7.41017871502528,51.4084895762318,1
12.4789520622243,38.89929039877,36.7057591304358,5.45227045005987,45.7599919344188,42.2283040663028,5.89707904681301,26.1046263774305,4.66426313120549,5.2888800622747,1.46128608210567,0
15.6005077538055,27.1129767973579,28.602201091086,3.94776986425882,30.9349068943411,32.8847172996659,9.96958076176295,24.5690456981244,4.51624762061193,11.6318252712561,8.27935897066319,0
13.780229879305,26.2897835139137,39.6819668134539,3.71107471523687,36.8004838715339,53.1505850060792,6.26813828997381,25.622075067444,4.29958907101637,15.0252578457939,10.7446698593891,0
8.04587546304225,32.5797793223257,39.8680623661086,4.8905700531041,23.3403631991239,46.136312487984,6.41343167070495,27.9967551328794,3.69262588449366,8.50723854580052,61.071521196353,1
7.99235498087145,25.6526469756455,22.0908062926768,5.24990791850782,20.1088418777689,50.7787037735165,7.83551163391387,38.4764408183183,3.83719951058904,10.5475199990339,-46.2834299119794,0
8.82178972683347,36.4638489664323,27.6470974581201,6.05735205525672,40.2632054083783,50.3286043708736,5.01745386807093,31.7839263502373,3.87656899116048,10.6550650708555,-62.9891653527232,0
18.7485687702636,25.2285736437771,51.0786412904645,6.39942331080836,37.9661361500874,31.1750113107452,6.39773432166862,25.3503942714081,3.12192998342284,9.29650548458579,42.3111602520516,1
10.6865325415468,25.5791316127761,57.045095019044,4.7509475211973,47.6503442985891,34.2902869497778,5.01317395219903,28.0602022128309,3.29476079246622,14.8679341216101,-39.1338501608345,0
16.6711434325363,24.7937599968053,27.8571360866312,5.10706312344331,26.0477510554297,31.4747008081148,7.59823490663865,24.6818594294626,4.40607628333624,5.9682023249091,33.0990285315139,1
15.5873500865917,38.5671174646183,37.4969668153227,4.88587922835703,37.5052357766485,57.9358748132519,5.30946930490841,24.9476734618669,3.18682726733241,7.56677162316937,68.7595210761599,1
7.18965171076475,21.9968135123364,25.6519308675953,4.52836477142779,38.9411628044594,35.8564268308005,6.14404222903849,34.8180327543581,4.02126350464257,7.00323924919645,-122.899947538685,0
10.8936555424045,25.0853076813327,50.0204013424923,5.71884454569048,37.5884052591593,40.1809611567579,9.12943317328748,24.8479379577277,5.01666604411268,10.9943577874877,27.400469871114,0
9.88755623610254,28.570789524687,28.9555262237368,2.89822432264819,32.4235725033274,49.4201987023855,8.47315119986851,38.0270158552835,2.32524273465071,8.97742383111701,-44.07458546206,0
12.0967416685027,34.8063450328049,41.4842621903164,4.46561636859734,41.8492418718834,28.292847703256,9.90085949602575,17.2483849624769,4.23310862191373,10.9097181888647,34.897802834662,1
4.96022879869741,40.0250499036346,22.0639670457746,5.55558685393678,28.4353933212071,40.2767631540574,4.35671070534689,8.89099465507115,2.79919179507035,6.43952696408141,65.9086434212447,1
13.4332839549495,29.0765616420344,39.0817116677655,6.48492552504084,30.9629786347387,28.4929111804767,6.22358569488416,26.9721603617543,3.58086632590125,8.87334743274907,12.2833374671972,0
13.7894623206312,24.1925757780428,43.9530113303739,6.54681566485318,40.5580847374442,29.4127249038022,7.86786470254989,26.676889507656,3.8420905335032,9.30745006505605,-20.2490643206561,0
10.2369603311721,29.1158136491906,21.0849653456816,3.12081646522654,47.0113086524546,28.036251405402,5.27405137468221,35.0298504275521,4.33602129374819,8.21889445323687,-153.81163577873,0
12.2871057499327,22.1887677503289,39.5125041605872,4.72811756127387,27.4393295378464,40.2381471363818,7.79551653898531,20.5499196529307,4.25856279173844,3.75861502655987,79.5625743597838,1
17.6850803197949,22.2504621073329,39.7718456287488,3.40035316257276,39.5580892986493,26.7748455681824,8.32034923448943,41.1716356945122,6.1257901816175,7.53825409953758,-65.8619055507062,0
19.4523968554383,15.3719786960137,27.3269518775186,6.00382258632622,36.3033286809343,38.6923064790361,9.71846347236074,26.3380353467641,4.73940455707981,10.5602189161797,-39.6469023061949,0
16.44916453564,27.4067132171211,45.0641718955679,4.27187617280451,41.4941320092568,12.3548138209095,6.11316135890308,38.6740943225081,5.08870573017649,10.3448552102652,-75.2206995521958,0
11.6204401345117,38.7499549220528,43.569917935508,4.5217205607788,33.1578527257181,24.9960488331618,8.4826544152159,32.4692660842412,1.79686218002012,8.50018169592526,21.3203386316655,0
17.0520880245468,25.4912657670819,49.9819081641319,5.89767281113314,32.7357483422787,44.4706319282005,9.67483326521774,28.5830028071599,3.7689765032961,4.86399517287883,84.5312402070881,1
10.5271607331392,28.3966833469922,51.682577634657,8.23429141892872,39.902850430167,44.2916253585018,11.7975668861094,24.7502359794031,3.75752743535683,10.5614786120345,34.7200939929663,1
16.0496317704839,38.5303924255774,50.7017212077176,6.06662039783981,31.640431271306,35.6609527885816,8.89253403532186,27.9027327959964,4.6091857887228,9.94615596931299,94.8134007186247,1
15.8045873001116,44.5565383222622,50.1919925928573,3.33273903617011,38.4270886533284,32.5280535101699,9.14427955778194,31.0879200331535,4.44406271609813,15.2354167716482,52.8024484070616,1
14.8659527826253,30.4950435027987,45.0273169174318,2.97334911745795,46.4141234878387,42.4302364352918,4.40904223871953,24.0364662713925,5.7918556273384,12.6374608666475,3.58732924822754,0
8.22958238698838,41.5290724611005,57.390055703978,3.46779457163968,28.094666152292,30.5737246660065,7.0923276838818,26.2276934858507,4.49760315892075,10.7123276893053,112.512591679203,1
15.9495497218345,37.009873865536,34.030176757237,4.20947271918557,29.0116015918979,33.6912911072352,8.41948318840144,27.2297559190473,3.63297384461872,7.72021522099717,60.5688577434767,1
15.9605871739929,35.7638662020073,58.6843051222357,3.91734589386355,38.0110333603239,60.1721920053946,10.1188006679964,22.070440777464,5.25202942124969,11.8913013605117,147.848922968144,1
8.0088081508612,12.4763443268964,44.2556202001429,7.24942196856411,50.8136172367294,44.4730935676287,8.17578710071826,21.7072874287236,4.97711752047843,8.60493104075753,-76.7714787137004,0
18.0705033579268,34.9453446534495,39.094483799961,4.7274703796405,28.7522121779627,36.8980756487169,11.4439232230626,22.1318520450244,3.42821348968228,4.19245262528428,125.642677374694,1
15.3589083556665,41.159659443603,44.9489679055133,4.01677552857214,27.3753420818612,29.4793978989023,6.00304412165933,29.3348865234609,5.47114818925712,12.4262550752007,77.2675558997096,1
10.4553187719921,40.2635768179191,36.6889415371421,4.12169173869086,41.4581673306423,35.7356402353709,6.31629459170997,35.517382161644,4.31246208790043,9.06651428050054,-43.2554162201874,0
15.4174266811194,32.2069210662878,59.810633103587,3.91585681894871,36.0363659569299,32.1597033019077,6.4265009796242,18.6384384915843,2.97554211829813,11.4684574149385,117.55728048524,1
21.0924409176505,24.3993995746851,41.8594501671035,3.50410701337769,20.4585838835597,40.1846234367383,8.85000282712112,31.865834562829,5.31702250875733,14.7307215068235,78.8676888198275,1
8.41475408089396,22.8559366458623,37.1500866183247,5.60743154825316,29.3543802656667,36.0357236836123,6.57929667158234,26.2844890124309,3.89822520536082,9.65315629729885,-10.8481678983267,0
16.0858344446775,28.6580920996021,53.582954836148,6.64474463883773,41.0051125063164,40.1544067450949,7.69282102482337,12.6872251546396,3.29304816058425,10.6259214536886,100.949294247111,1
15.0474296040764,15.5291538003821,37.2818787933339,2.72692579570405,24.9371395425449,55.2923868392063,8.98786801555384,24.5039386640147,4.04968674895585,7.24893337482863,74.1452946735301,1
11.0120939661534,32.3058594744287,52.5401367526414,4.17770378628949,31.4360788164574,44.6451697012825,5.07505628577559,30.1947222240372,3.20470377798793,5.40442944686895,78.3628463745091,1
10.9611624778344,25.7588442457761,52.2312340076075,4.43682009629663,44.3275373752605,41.7525562631184,4.36907198463857,28.5155582647945,3.43501552298308,12.682383490384,-22.5726818875265,0
13.3478489925227,26.0844316789154,47.4732190071998,3.86192223269311,30.5259245838211,46.2197771616325,8.7351132299761,33.0949108024838,3.0222627955119,12.5770839906754,32.9662936641433,1
14.8651144030637,35.4832851858452,31.2137403747101,4.99731731975192,36.0769228303088,50.9911913256968,9.18991166057346,33.792090873009,3.99495712742318,13.7247046255217,-16.5446169263022,0
13.2680392675096,37.1024827170009,43.722028816371,2.08435249844034,33.0233179177837,47.9515471066671,7.78409956013526,36.2640862634779,4.70310223919793,9.95689288725703,43.1648938711634,1
13.2632503987172,36.0901078140507,33.3038299211859,4.99296790893835,43.2665953603435,27.7550156581107,7.60192308456745,30.3502581176719,3.18431037820783,4.86797721277398,-36.3964322713124,0
8.90543614613724,34.4176701931504,34.5389198121074,4.86756445271363,42.3443495168803,36.9080773852572,8.14464900357145,27.6366896863182,3.10301872734592,10.7524754473118,-45.2358401549673,0
12.1929667953151,36.6988372747117,48.5227480569387,6.46720501621524,29.2628459286433,39.0969564195955,4.23461860907707,18.3846239251547,4.32097814874518,9.0829926332489,113.299304220212,1
17.0829971198664,35.8403901085526,40.2871835700932,5.11999219575398,43.9306375345966,34.8909855936902,6.28913279665333,28.2326956906112,5.73107772328877,7.09712882428147,9.14627770949176,0
21.0910503161564,30.9491766470379,34.2400242133059,5.74143287653449,28.1694267175614,38.4694146663379,8.10007580861701,25.8497573893574,4.01240330895225,6.20081470878932,81.8236127485653,1
13.4343368190745,19.05447053062,34.5297793811647,4.76510346186874,31.6861107569431,46.5628502698238,7.8879232919792,28.1681303974297,3.48814570147688,9.12168338518789,-3.91838809382627,0
16.8232443872472,38.3286685382712,31.8009859966989,4.90611588548053,32.5657451775063,36.2476423515222,9.14759525884548,22.6749827788729,4.49978492004999,5.66728028233759,74.1695832892298,1
15.9704533030327,36.3865517856633,51.5079053149794,4.35165277104978,31.2376769401266,39.91273971517,7.5492200408525,22.0663545345313,4.35098906624095,6.93823223185217,137.502693434301,1
19.2273937145834,34.2406730352511,33.4085216294808,3.86055358518003,34.534857125492,41.6621805699464,8.85724221356288,26.6323423005425,3.73978152625536,13.2794900549435,38.4492994279458,1
13.455359839819,18.4718455092009,34.9100704270843,2.26478598812939,19.7683131750264,41.2362776149609,7.26523241809269,31.5531578259843,3.56369174174228,10.6258896066454,26.2323281917246,0
12.7417289459424,15.7473732192086,48.289107459985,4.84759811165547,31.697568127138,58.1373516729603,7.32973649364031,29.8686387328193,5.33752750510527,11.9869617934163,25.3698175955123,0
14.9739972871968,24.5987691399533,32.9953773610039,3.78144519184469,46.7289039163417,36.8430652033073,7.30131493100415,27.9321558932366,3.47948284229239,13.4968506807738,-81.7575299845319,0
12.712671187139,24.8250873196677,34.1888061699929,5.32805335196635,30.6616547872892,24.7763949692834,5.65133975125963,31.9649170806224,4.21827938142068,9.9663194521055,-45.7082001101047,0
17.9836598025969,22.0503747151217,50.7345920176598,5.10020469847822,31.8164633950481,21.0266737316891,6.28389713606788,29.754956723501,6.29848680521061,8.89643351242911,33.710569636187,1
15.9317858350603,29.6110391705197,33.4681095119716,5.10313365408644,20.5149743268372,43.5489258537659,7.84558184926369,36.4238195486043,5.24781363684628,8.61347729117403,42.6112011905555,1
16.1909563811651,24.615100978801,20.3485548745147,2.944301938939,20.5279120430999,38.581265869591,7.73280392259344,32.8337459742951,3.77350892335715,11.8883855377002,-11.0767100109059,0
16.2146018030744,44.7715238730122,16.6631623056611,5.0270747403586,27.553534084498,48.7488335694699,6.77008962948339,28.5919740499181,5.21265640191792,9.80855372309452,33.1829825157634,1
14.6996981152066,37.8824021423057,36.0670453383239,6.38839015385204,22.4274492061903,35.4629774651766,9.23813117458134,37.8775519752948,4.94574532318282,13.3830775744674,25.6483876829073,0
14.5734319638895,33.7246079621501,42.5318105542297,3.90533690294978,33.1452989718919,40.4484679961186,7.44001495307653,31.4257695416563,3.80879320162861,8.05457904387475,41.0344687559017,1
14.6313845780395,32.3363814976002,38.3599548178551,4.1885315691754,31.6124998258944,22.3028664026527,6.01301513442518,20.6711527422654,3.31830707588957,9.75470019677189,44.255688228257,1
13.8357355956579,26.5029502294273,37.3955417656548,5.9331107330199,27.9791546652292,36.646444573679,6.34248389698603,23.1873803873598,3.43899305484504,7.58160775090273,50.8865844323337,1
16.2837650884862,22.3188696878718,27.0386519491018,6.50202638160409,38.070674101278,39.428092493567,6.15703481594436,32.3996978341148,4.61308338280876,11.718725475133,-83.2218567287579,0
20.7345549044217,23.4939155804191,39.4773853977702,5.4731421977846,19.6782769621255,22.9053543706614,5.85831918870243,44.2217523712794,4.12663337941258,8.38417466705073,1.7854335495012,0
12.8978555396762,40.3709266783341,45.4239883863613,3.64279170667369,31.3635151990071,39.6596329255066,4.26837231157662,22.3608477110575,3.34261056261017,8.54412822417502,101.617958034566,1
11.220212357946,27.8611322420097,34.3216277842019,4.67957279382866,30.1880835765425,42.4742037537331,5.07619803700019,19.5462570755193,4.79046030418762,6.96678475920074,49.2958003592549,1
16.0902435328894,22.262940367472,48.3276298376862,6.6950232209591,35.1827157366126,35.9302187398416,8.60406417781247,30.836491370251,4.22088893697861,10.9519932971289,8.86044776850209,0
10.9335873596457,24.0751929190416,59.9537504960946,3.26136646594859,28.0201621327035,43.1235854458649,8.57732037877824,21.703627327265,4.0018799515504,8.84411668612234,131.120957826405,1
17.2477243011066,23.0090363766184,44.195673393274,5.11324236104205,32.4011205561656,28.1490868415506,6.53987189982611,22.8524485127768,3.73733364476001,10.8675006821007,38.4700965286182,1
11.2265038262616,26.257624993032,45.2904477321518,5.20981360202205,40.6832590790578,59.0739631392773,8.76915727209515,31.3621274325161,4.18007599206437,11.2359761746464,-2.24295850855587,0
20.7096611586957,24.8909211493256,23.9712068314717,6.05596531148712,35.9302435519215,33.4913561950653,5.81531612802683,27.8386558851825,3.34122159361825,15.0891792050676,-59.0445608174038,0
13.3238436216554,28.1635014779286,43.2852319341108,6.55630940248899,35.5432596728433,39.8132157613918,5.47167501939765,40.8436439608778,5.50208785892332,11.9712674617403,-54.0210668984438,0
8.31229937835301,29.0061954956917,56.445404488293,5.09846524918256,30.2297094179798,39.8955553516143,3.09522840916689,17.3305133799565,2.78130882967806,10.1542855170381,100.780916399192,1
12.2799142828531,40.0512074795735,36.502606012573,3.7194371211248,42.3706205371771,32.8224342228351,8.17713016320591,28.5319977472732,3.48788586044692,4.75687498001977,9.15034357728373,0
19.3503927463292,27.0242213063528,29.3580756593339,3.68388543718561,35.3437308007037,27.464251591369,5.26836423555003,31.8540536353657,4.67880340682157,13.980920335822,-51.1338554145356,0
11.2482128208843,34.1549223654057,38.0205121380657,6.6066756939934,21.9259778390849,47.7441921279691,8.98594336911142,17.1583443917198,4.96476690237817,9.95217065614263,126.961257472373,1
14.417982075543,26.2987261609089,49.6326663023439,5.31919075422593,37.5265425687875,33.1814337215549,7.37946482467564,24.7526018682126,3.38682480398652,13.4978869112563,20.8702302931257,0
16.1317485704196,31.7320290238262,44.3360525380255,5.63505161273768,29.2160634836746,44.0824210210735,7.37121104266247,21.2620859085849,5.23899298446393,11.7293012096089,98.8339239275492,1
12.7832730067541,31.3333168830688,46.7220994614198,3.90577772267662,32.7482484870986,34.2834441608872,10.57850799525,22.8854783238693,3.47552999541055,16.6827167261743,53.2339501631859,1
8.39127893354816,38.8279272921893,34.1041867457812,4.6251340695901,32.0430974468393,38.9601605186046,7.4544617794239,19.8367327826119,4.74969583440517,9.34844064808625,53.5874677096118,1
13.7853532042287,21.7720599168107,28.5286290511653,6.53887995243744,22.125549546081,48.3779984576086,7.87233620291628,14.3022687692634,6.13430959855983,12.2062535324943,75.1671636286066,1
22.104857656587,38.7277978207448,41.4972222929628,6.43820117066337,22.3234766747758,51.6336623062076,5.8476207572766,28.2288653050064,5.49470409151691,8.73272675060822,147.388944339518,1
13.2178746889829,26.3486861423713,32.3574055457473,4.36437328808545,40.9810021148691,22.3097664572714,7.14349670250968,26.531693429444,2.87684463603795,5.75142958159414,-49.2597177819793,0
15.5311864001082,40.0559539470832,21.4206246350609,6.57305441284546,31.9793771200859,44.0104167242672,8.30641064736,28.9473729360262,3.58687129464521,9.03422144031401,5.17233650660023,0
21.0357089387695,28.9816147609203,34.6765573288648,5.04045884538281,32.4956939762305,36.2740185881544,7.52141955396925,25.2176286056063,1.69732238425161,8.41639429857691,50.024408657893,1
14.7873746714581,34.6417543237733,38.5815765982998,4.91553948587411,43.434396840592,33.8583728449033,6.79418975330617,24.0769330146018,4.47581411798465,11.7744889699953,-4.28211099242623,0
14.9828788536995,33.7075549185713,32.7845912475705,3.23928227852281,25.24886677654,20.7012404366639,7.48097961573839,24.5441460459274,2.81881678427297,10.7873029665669,45.038285323029,1
15.0508369746379,30.9289313372596,48.1671262115373,5.13421814771341,32.1578973577936,33.6324855434752,8.9950396132881,22.2156634259126,3.15498134179246,12.8523392972891,75.1331704489438,1
15.3302320767683,26.6715659703563,44.9298886496967,6.33798156922573,37.8871984239162,55.8396085263076,7.82513496518242,32.7949754753516,5.10233277412148,9.45617809562931,16.8679662071858,0
10.4879440961689,30.1971930673973,33.2532258612327,6.67161644638431,35.7588129762238,33.7405095851745,7.81660033384304,28.4090879952748,4.11955249222387,10.2053907014755,-37.9909511543255,0
13.279092969776,29.8239900910281,45.8048696859561,4.93373927559728,28.0569336746515,30.2084847039952,8.82459940425344,31.4609366289083,3.79936715243303,10.1445735338387,38.8628181742023,1
16.2385727851632,31.9405875922385,35.6769055170105,4.61367614215012,32.0093101687093,32.4023866096958,7.87264059602356,33.7139593666908,4.45603354253951,10.4966032447685,-1.13170116454972,0
14.5858958457045,29.0082270476239,47.5338795993411,5.41695734737212,25.452129585184,39.9869080384237,7.40120363970151,42.62835412393,3.9172474732046,10.6923399007753,18.0978327813787,0
15.2963610640787,14.408423549119,42.8319100484181,6.60478074703446,30.8840907586004,37.0764394493435,9.31590828714335,29.0267687724207,4.11419757587788,12.3992941792554,-8.56471000059653,0
6.95957870344984,22.0256147512014,38.0107288697376,2.97572930812305,28.4571609995668,44.7347807684911,5.2005161322688,16.8525313832216,4.8848625883692,8.7969582406031,49.7862863052873,1
16.0277735745885,25.733482602765,37.2325590525645,7.35917935690983,28.0128500913491,54.0725510080557,5.9839879224787,11.686405862912,4.66110850040628,14.6641615970804,98.7557472382147,1
15.8582690765509,31.0276511035715,39.218881570059,5.06986075695409,28.7710206590141,44.663087154554,7.55289648491781,24.5302078409356,5.91422540064926,10.9762056156751,72.9713427167598,1
20.483469557395,29.4600057640475,44.0797266365909,4.57677526880065,23.0185783708558,46.6954345906106,8.69062388897942,38.307833959729,4.75646117569691,8.92500424968449,83.2787754154352,1
17.4698457496607,33.8559871793693,22.3620737397411,5.61079462682465,40.4755656592372,32.7507177864703,5.58102711005796,23.4497960428168,4.86753690039251,12.2266327963897,-41.0237833096023,0
16.5219244962417,25.2078804250391,47.6311524990516,4.53701224136749,29.4439960480552,32.8203155830006,8.44048023357239,32.9999675557072,2.8313698506402,9.60148624812414,37.4093259664402,1
7.9804724716133,28.2058952955464,52.4215121777551,3.53481544523241,40.0792375710509,58.7586336294064,6.22257858869378,27.1900712163074,5.19873475918384,13.8553882012322,24.3093862221745,0
9.68820764260834,7.7775009226041,29.1709879291689,4.75651519189006,30.7274748093553,51.9840728378716,4.92389765797637,23.4178020568546,2.49868126040514,9.96018753534897,-46.6328536265325,0
15.9046432633983,26.5486744754284,44.5867392385934,6.18793774709981,13.8526993049136,32.3291828138044,10.2400798611015,21.9872478617191,4.15576405714936,7.24433279700491,155.829951929009,1
18.8024650814917,30.6698301171029,48.7547925532318,2.77941038319634,28.3919469736863,40.0328158216864,10.1492774654974,22.9588083645142,3.76022950913481,9.71850552727738,137.245747700126,1
16.4098849659389,20.2941259368347,34.0941938341004,4.76787859728658,39.7041067043913,41.8842664301337,5.98391729013489,25.3295834784412,4.31440835398019,5.03642057980035,-9.61794944466213,0
13.4666305034384,37.6078815636212,42.482586588033,5.26156060983744,34.7768189516867,24.7060677237312,9.00774492491755,35.463059691522,3.29328758656628,7.06278353184717,5.85763488879984,0
12.7226307706555,21.0454196608212,36.843981779158,5.54841285400523,22.164493633315,32.1364519816536,7.90795464059404,35.625512942686,4.6943526468924,9.03463071702164,-7.34701314203121,0
11.7925991203591,37.8537434527963,24.3619559813347,5.39682227115023,36.9466396292246,27.3599646530442,9.22431810201017,24.1748948495276,4.40592309672356,7.71394228005175,-18.0306773363568,0
10.8288725173917,28.9086757814287,33.7276391848804,5.90569280461176,35.3462769116887,28.6365443390946,8.69412322972125,32.75502875197,5.08004108248837,10.2375647324712,-56.0120586053804,0
8.97454027663475,22.7285090891026,40.4552663141994,3.93707282885537,41.4101492392876,45.9656479739753,7.66057438356888,31.4970239953959,4.66082985923794,6.16800960351656,-39.590047817018,0
11.843445576701,24.5434771195936,59.4624715538495,6.20079428794992,42.8998837438206,50.4513191950882,5.37868998325212,25.1764469053886,3.15821773884524,10.1138953884771,38.2815877391911,1
8.18415445062297,27.3788114606542,40.8245841697198,5.38004207924021,33.1125227752225,30.0638588471589,8.88677214743656,38.2439808068051,2.39303900435903,11.5523124352396,-64.09767998267,0
13.4238555069702,21.5662508366452,48.6153557497109,4.44535678952786,41.2811950321324,39.0103715616688,8.75305327504731,19.7883279031448,2.12652359567079,11.8287521531536,24.5671942913843,0
9.19353140611742,37.5755119998352,39.5110854922469,5.24865871890685,34.2225634568958,39.9325778761441,8.59090559550598,25.1620753811154,4.86714585442315,10.8037280610317,31.1249319661035,1
14.1014000593193,29.8272602935276,39.9867741456199,5.50963562279087,31.611232671205,39.326349588776,6.84540039438789,23.3231096144186,4.02205961131883,9.07744759600501,53.8554917254066,1
16.2441775442999,23.0281755687483,17.9835629795364,5.01746504023349,38.2646855337641,34.0385410963491,8.03201354474847,23.2990371693794,5.97183829417273,12.1113348512159,-70.2984264410216,0
21.59971688183,20.555888384849,40.444796007038,3.67856332797696,20.0723305456815,47.4014583692692,8.46005665711012,26.899402352822,2.50420239696897,7.96343832323703,119.027882536391,1
14.6094203428619,33.755210822549,36.5941450895618,4.15924673141576,30.6036067111356,36.165844611824,6.844891692007,27.7502029160155,3.09770922649842,11.9166010724508,30.7825787980347,1
13.5620854402114,32.4727272592287,49.0839919211756,4.87770544979649,31.8548667696151,59.8339943955042,6.12158930657865,27.9497884305835,5.61622557458088,7.79719132983434,99.7955838236109,1
14.147395978645,21.7709323009724,42.0406318198996,3.98460551596538,33.3254820707329,46.8067508264478,7.98290762155139,24.7989429990802,4.35268183228098,8.27291834862193,44.3955788159409,1
20.2736950301194,30.7412860177757,46.0458566998292,3.41688555506282,15.4310074631959,40.3839925553535,8.65272752001888,37.5400264423788,4.07097832043481,13.9148479286513,109.001159642157,1
15.6854475056353,20.0621144321046,19.9493091339326,6.97038062197967,19.8590698478509,33.2986938630724,7.28331510530288,24.0903270266743,3.80745787802563,8.3431913815416,5.23483734643602,0
18.2583264571262,33.807840448034,43.6707063730836,5.89949795762478,30.9215484568418,40.1357274554998,10.9769215691544,20.0180887086159,4.17615041261865,7.97811681063875,124.484343112756,1
15.3151136796889,26.5720874070439,44.3572501744131,4.54963997614467,17.5246000730704,60.6890987717889,7.74037115461875,22.4122863357617,5.81295512392434,10.7902965130763,159.254538147708,1
10.4944347399891,35.4006910236699,41.2173243038643,5.33973972151809,30.3865730625686,43.7248999394427,7.79543375606541,23.5847791208465,2.75903401724933,10.527762627095,63.8658831020123,1
14.6884305878211,29.0323342176238,40.7250446773966,4.88556856886057,27.4218230566221,34.6641330293152,3.47627257858409,31.5966914802263,5.05048736466762,7.20398887996803,31.9079755120468,1
13.0067280967851,46.0711991972854,45.1609470744485,4.34730452036202,32.8526122060327,43.3952187175585,8.23329253548424,30.3297904598541,2.57508103556095,10.2936064780797,80.3648631453911,1
12.8343015339533,17.1646047141985,33.2935045205404,6.40300780546308,27.7345702219701,41.0535089403589,8.23123770593213,36.8017260632987,3.44059187781033,12.8405295777707,-61.4751242112621,0
10.3371190056342,16.4309431539229,41.1239103738359,3.78653189187676,26.8167704990406,36.3212992557725,5.79885125898666,37.0973847726058,3.61586167363391,10.6301755760707,-41.2669425852488,0
10.8172964208564,32.9279006416291,32.0167405607842,6.05275207698447,32.2788315872815,38.1879801572266,7.58134839908127,32.0400235847982,4.20947074540188,7.41331575568377,-15.829993869529,0
9.09760689353126,28.6121397103257,42.5641936565686,6.46297960483119,26.9957419246108,41.7495426183901,6.80814400391851,21.8085098504892,4.40960267194512,10.7408934541526,56.9104573453846,1
17.265192499073,35.2074647433096,43.7031324222533,4.17258821182731,36.2201308045915,28.3598521744377,6.41622218759683,24.3791322719724,4.23454701825258,12.129352650819,44.5645584059897,1
11.8231474882331,15.7517877119769,53.0967237337738,5.22470894086145,42.234162726243,44.0060103974292,6.11409873086266,26.0487274959669,3.89935096907599,11.9486747789238,-15.3044288850056,0
13.9587223913499,21.5250896247545,34.3014634790862,5.84660044458839,48.0476329546285,35.9379035121945,5.99176928105552,31.2984504150772,2.89579250444234,12.7307465943146,-119.893909445583,0
10.5648002697061,24.7417141177894,39.8316885143935,4.28227168543291,28.9904351687822,43.7404204479359,4.87824152914436,20.6903769927673,3.76190119600958,10.4106071550915,46.5077520161347,1
11.9223209786355,26.2755578305917,49.6245433326244,6.52380283251264,28.163525851464,40.0150704123428,5.43111169652033,32.4303572713905,3.36533812989992,11.7462105110376,23.2037781798566,0
13.2804429716981,21.2742450909783,44.6045798476363,4.70580454517916,43.017060650758,36.166643241454,9.57099028823247,24.2346712329724,4.1434890905787,14.146373549446,-26.6730926540653,0
10.1305309190436,29.8355529964078,37.0423958154645,5.86145089992735,25.9446830868065,36.3057521717402,6.34385824958432,39.6467452217899,4.29011330242785,9.16309725467911,-26.0479327101333,0
6.60046520488044,11.7470875219174,37.3844137662746,4.50016213872482,40.7107570250461,35.5755447293449,6.51424522626233,42.0479473454306,3.72570928651523,7.76122924932395,-157.920302855938,0
16.1397854425096,28.4823103821354,43.8305309815757,4.65411466328275,36.3909176855686,47.425213941958,4.82377816205321,17.7060717167619,3.88246460549152,14.9435760637931,60.0604483528844,1
14.4533097593554,28.6337394065253,32.9347193838384,5.83034653459826,28.2467791837611,43.2438530269482,8.57467024192689,37.9997386689192,4.93943442069769,6.94312740428951,-6.53755816988926,0
15.9217173667217,33.2693099266141,59.5785772966623,3.30694305382822,35.1895747098914,33.889998123809,6.715701658884,38.2136641458702,5.63726160786335,17.1847432621328,27.1053208431643,0
12.8216619871853,32.8127140163335,41.3651549866946,5.62784125971778,41.9298638481249,34.8800206156947,8.74386275495054,33.8627244348333,5.96755908519505,5.42080139369319,-20.0226713955489,0
18.3524736648239,28.2623107587721,46.9753358317963,4.99776836828751,27.184408442609,33.9174269608524,3.27162535973017,24.5465210170028,4.25280808911486,8.95196749261845,90.2018346342635,1
15.102318309224,29.9372553970614,44.1840788582044,5.35723662092675,37.8421967958899,30.7353984277363,12.8177358551959,27.8780260915164,1.99629275220737,5.27072943792125,40.9808607257262,1
14.7516724436789,32.1063648809171,45.8507813558556,5.15039276736348,48.791873807195,37.0836130847098,12.1135568997343,38.297884217283,4.14197077004379,8.56844177152448,-44.6995492107702,0
15.1993034484629,35.0920995856266,34.6307319430304,5.68439079656827,47.9010774375383,28.46346004208,5.31803537860479,28.152225575232,4.26368090055237,11.218551042657,-65.4901694225823,0
12.2677886670848,41.3619989898866,46.8130159620529,2.98322747916655,28.9535314699167,49.6732893523172,7.14141528015325,19.2578447854267,5.06042455732095,10.8265383998593,147.465013073144,1
11.0367836981339,34.6413897057867,39.6209111864957,6.74327788047345,43.9604616717001,59.2661290591073,5.60331357054326,16.1732436140389,4.90053683292609,10.667211103917,43.6130961511978,1
14.3980602726557,32.6916970236086,37.678316938737,6.01361619558237,39.2077862085765,37.7664861053791,8.95377414003375,32.6114188404396,3.92958453355334,10.0110067590065,-22.2933062558843,0
15.3341556916122,27.8916880715028,24.254207902634,5.46603194042077,29.7570246106558,34.9915313331539,6.35017607626454,23.8695094699106,1.85784636202397,8.73934076875721,0.417296101488445,0
8.6625268639866,26.3888306111031,25.1282303926105,5.87260209359631,28.9555161428038,32.3306396670054,5.66610555829267,26.2857086164347,5.38576068960986,7.30695133784729,-36.3682071698573,0
16.50275968151,35.922779381008,30.5341028394418,5.94607288743444,24.0853504604184,33.5884924115581,5.64501926402921,31.8753427249452,4.64160601708618,11.2097314777282,25.1282841981943,0
17.3034919840733,23.6918770423725,55.9350051407503,5.32247917471712,42.8191276822387,35.321553533728,6.75174935073737,33.5367285851015,4.20829886707889,5.20008352499475,17.4969532195754,0
10.7073074656768,35.5390830645068,45.5979811391528,6.31546079802761,26.7096560832532,18.2791275157737,6.10080836262578,23.8444920227816,4.20791817999021,6.25422441125138,69.4425976643221,1
10.1393159898868,18.9591645280197,55.5193254570842,5.96737760857487,31.8586045325528,31.6050650005124,4.87816073726222,21.0232378536935,4.35235366577752,10.294379194307,46.1219000243116,1
12.908883813012,27.2147011799023,62.6002216179976,4.93391400818257,37.7957192049408,45.2919316709434,7.463352086413,24.834427754144,3.78030243379424,8.9859090434422,93.5883306011832,1
14.2451449654271,35.2540739201659,27.5854287606161,5.09038243819692,28.7221850757472,25.2659356661809,6.65715911683803,26.1255770138361,3.98583144097833,12.5844645776422,-1.67213315585915,0
16.0440979658302,24.0393591571079,24.750715206203,6.52697019907597,20.761243377528,35.8250943539835,8.88678797225753,15.7261593791887,5.34772086544319,9.62148487550892,71.6929175140461,1
11.6200021822625,25.6707075110841,44.7935063218219,5.88717536715204,24.6186118597534,32.6815221640959,8.12768769506525,26.862948919952,3.06333960870646,9.09929072271662,54.814699234488,1
14.7634534846372,30.0543380275442,38.7063941037089,5.45694791966079,31.539012968516,30.3712126030271,7.70125808717626,33.6220570324883,4.97999041304457,10.6088619397003,-6.44018301019329,0
16.7865580578968,25.986258114428,49.4214259188841,1.92244121280888,29.086137340063,36.4480350906225,8.15009151171426,28.2578004819648,3.38909426453906,7.60794914558152,90.6019824884432,1
11.4341871990189,24.653388802902,29.0911468713813,3.1435501435715,27.48744042191,50.968249581747,4.85584438930296,14.8199919252131,4.9005000273271,14.2728276026281,49.4153151801445,1
3.81400473432122,40.186792586544,33.9874482634002,5.0812200656427,36.4129953500553,41.638764905629,5.17139863843895,30.9265145954916,3.85031045998779,10.4858575222148,-41.0711151729695,0
15.112735553279,27.2923000124701,48.1465249614846,4.22900847688137,17.5471984920959,51.8459722673382,6.98885199700627,26.0282884668812,3.68950409606574,11.4382898796808,137.932265376725,1
19.0591851246305,19.8686712520715,42.4839985484509,3.53033839583573,30.6984058652094,41.3124783786212,8.79189296921824,31.3971315674693,4.08365111084409,7.23496855983271,42.6418605845789,1
13.2133586709817,36.3770330871334,47.4617428289494,3.92200937399083,43.553082856039,44.6044017546318,3.47704239909922,16.3712784945991,1.9010345873403,13.5223261090502,57.1159916799842,1
14.2751364123826,24.1489212762708,40.2769546370197,4.42225812874166,20.3056568480222,34.5466957866832,6.95810543148423,36.6012439506302,5.19369994488722,5.32847541921485,43.9394967920358,1
13.3817320665458,19.3485041244157,21.2812104563665,5.80388492984645,35.4473850370523,20.9360743821998,7.59691250786588,21.2748581751409,3.93113621324839,7.38330077957976,-65.216511183613,0
12.4774264379999,29.6237747943627,31.7363118780118,5.5044976458907,29.6269439575498,45.5443095199828,10.8364019267051,37.0176969803001,5.18607502075055,10.3866415153383,-18.5577095853947,0
16.3130935496638,30.3205394715238,33.8517452219779,6.8713458973373,45.2873612062745,39.6828124895868,7.26870384096768,26.5969414389383,4.46962385191634,11.1642426941906,-41.3989896980773,0
14.1984519625675,34.5837888116088,41.6049296335274,5.47033675533593,39.4846503720419,36.8588157407672,7.31499776456487,17.390649532968,4.40539931055584,12.5425886052096,48.1419264966765,1
14.2677669239115,23.8311460879656,26.4380104777905,6.11163202217515,30.0438767114402,21.4049165331925,8.90707104427098,38.8395513631996,4.22202749551612,10.6385945956194,-93.5509787909289,0
18.6245952552182,17.2565216841899,34.5171654522152,4.24796985487524,35.9017312566824,22.905111976281,7.85156457227301,26.8370687570136,3.59328710866165,11.3262150159402,-37.8052546454033,0
19.5838250876119,31.0360293961446,34.4774749733551,5.12602560959351,31.0687604777788,40.7930969613754,7.23860706591713,28.8869415027412,3.87988431362817,10.1489986738456,40.7582979751107,1
17.4853144104217,35.9344738393358,27.0130405404362,4.19330264390151,28.2255188779544,46.582352041951,9.95159489889948,23.1212064061044,1.43661044833648,5.76417432450968,90.1447625519463,1
14.3213929768298,18.5010584651364,40.5456343465827,3.34172214180379,31.6104149587412,30.4159241375459,7.76321231265353,17.5182860091187,3.05267527770354,12.2683069766005,38.4774676901376,1
9.446991984719,32.4654463553808,52.2699732598586,3.53472916206346,22.5517996246803,60.8299433033673,6.86135106216935,31.1876471815541,4.77586616137459,10.8328590369266,116.181387097252,1
16.0378153386195,34.1464619396927,47.1723606702413,5.31542541061686,42.9665037378496,41.6096320900144,7.42142302540556,34.4351819722102,2.77665297674656,10.073990817965,-1.74490103277628,0
9.18375988756903,22.5654751759984,52.0421704827944,6.99806596684102,39.4943035730225,25.7458689228068,9.80244812860736,27.580557725431,3.75378476406491,15.1366675037892,-38.7527610914189,0
12.3150558796086,37.9246469828623,42.966949344055,5.91884677697529,21.4440672239379,31.5082033966124,7.06715150784487,15.4358904174738,4.27926915001995,13.3981242670135,129.76619447536,1
10.1241586688265,21.1117995416744,52.0750649172405,5.15607860287693,30.791963924453,43.5081899911412,8.9325474776265,34.9921854145065,4.17317961382951,7.95883103429774,19.9030752582021,0
12.2601151119899,31.0953441776612,29.2030384038336,3.83635291204372,41.4918375441107,48.7466670924898,7.40558997873781,26.4797491322739,3.08944777466791,8.1155040733791,-22.8022766277552,0
9.42255812740251,22.3536257850017,45.750341282503,3.98416368233199,34.819776859353,37.4678907983166,3.70945438696856,27.075204973266,3.133895741317,10.5315829448299,-10.9780328912189,0
7.88005198137374,39.7837226816057,36.8089091676232,6.10754156398248,28.0437809182011,35.9500399991427,6.74443343767101,30.209845818089,4.62605153906461,14.4241795676725,1.99223858914206,0
11.9006565284813,31.4836267351439,25.665222158916,6.1346783772789,36.1373579608349,23.6584979351761,7.91652212800934,38.3262105775518,3.55850021600426,12.5342634584085,-116.593745450097,0
16.0030997791926,46.9760892795834,52.8377351618289,5.14099568200923,33.8094321334781,36.6901150829747,8.5712260933264,34.9909330227983,3.19130905393106,10.3145867845824,87.6229520327925,1
14.134665095137,34.9761740272223,34.4903951836954,5.3002037665876,44.2783730943662,29.5313917898081,7.4516068116066,23.9081892767711,4.16148376896485,12.4340374099248,-32.5335406146506,0
14.2826240121638,27.222663573095,59.4819633337435,3.38941711142076,35.698043125907,57.4717535194367,6.04223326319976,28.7175183334514,4.32496222260858,9.3930163811412,96.9272470665541,1
14.3084709139902,35.9411774112392,31.2463622823661,4.36632030601621,40.5474736619124,44.7955600899301,5.33455643985357,23.6249289222044,6.5000682558555,10.2487059373417,6.87492295895917,0
7.61518265902578,22.8661109419645,18.6660980189725,4.6951380215028,38.9394094399653,52.0825619561206,6.79111030250531,24.3205389757366,2.38358954668285,5.79333021732477,-71.5055276452102,0
17.866419743098,25.5372482145463,28.1505408682207,3.83871782429941,26.9147058325722,39.0412066150928,5.17894746422825,35.6830135115745,4.1558527575226,11.809887149436,-23.0383203836373,0
12.7409588458895,38.801109808283,47.6550106378334,3.49807425162381,46.5117148453089,37.0662447840093,7.74152126499434,33.873249826128,6.27271621095613,9.14195210713237,-7.03672858599719,0
16.383231831919,35.3547669558425,29.9256660423412,7.13312495454245,31.9482551325739,44.9484749957333,4.90192449169146,20.783005928593,2.38094473878376,5.24031960847249,63.2188103765826,1
11.8562721924792,36.0902045876919,53.5393680724538,1.7241925984496,19.3635959785134,50.9387499896829,9.02176427300551,35.6871068663609,4.82917622320525,9.79900077067087,137.926637591635,1
18.6521194902701,34.6527646996135,35.8610260678323,7.60002238435592,22.1581203001698,41.5908589752645,7.55271371035014,35.7168358693141,4.35150273668603,14.7431189045777,39.5087431278997,1
13.5584017113728,28.7419546047293,7.63798281609897,5.54059714139102,34.3281473974461,42.7931256652326,9.62806055422182,28.6916092525979,6.20940065899369,8.54218773178135,-79.7090087683308,0
16.2684170119517,24.8178766816612,43.3565008161543,3.81244332266888,17.8790520972572,41.7257851596191,7.49326159185509,31.9678129987324,6.06158649483147,10.1212840420501,89.587895843271,1
20.0220854291727,20.9550894873291,59.756286308866,4.79661585161572,37.4671371761554,38.5792154784563,9.61907228570991,26.6022309893984,3.70712759914605,7.05261498259825,94.6199227953603,1
13.6426107810008,27.78323475261,40.3762978792464,5.767404255679,38.808568524928,40.1515619322974,8.62993322328211,31.9737765060121,3.53202803438006,7.28717877060371,-11.9037275198844,0
3.47592170326311,35.1728134723479,70.1214738920709,5.62600708352846,39.0687515686027,45.458826944228,8.74367489379552,24.8357991500169,4.73904375877023,14.1188397529371,77.5543265157426,1
9.15471112557225,32.4818274121771,47.05038571604,4.70306035879388,34.7433137068145,42.6753050860843,8.27145517654076,32.8740109372953,3.3704367525646,11.5684718390144,8.31528409238877,0
15.1453400619545,50.8739903381878,30.1594416904597,6.06742474569823,37.4773854467998,47.726672731393,7.08789296234626,22.9285944535623,4.65102516495891,8.06981777306171,70.7873893034661,1
8.71660997527647,24.1678588487967,36.7591727190949,4.8790513354361,34.3039550814886,42.4726661908336,6.28573080166945,19.0945733786036,4.88086017904671,10.5647947966895,10.5758563048627,0
11.2548982883062,29.8261405382209,25.0442522838806,7.47995661886798,25.929575045748,32.2303577056201,9.53422480994786,16.5103561949046,2.81933643423576,10.0417094460115,33.1907695104214,1
12.9610000911951,19.1242132467646,38.3708504617443,8.86802434962866,29.8733823647715,45.6317963454039,9.64743527870722,30.3857983501805,3.98136691401483,6.32197379780909,4.59531079385374,0
12.8981681370441,16.0050426422594,45.6753090808033,4.35427006072173,22.1740363955698,45.7045401462869,5.75794816501756,21.9609734672579,3.48872993134848,10.4707126783042,80.7562755727976,1
14.8150404009408,14.3342692952613,33.9616033075707,3.40960168312004,38.0468634146187,43.4177403964712,8.56927761548882,40.5090945082031,3.44800856744457,12.0690835593696,-104.091851335548,0
10.2194876569799,21.3016538539884,19.1554274675544,3.62666759212325,34.1550841675319,32.914400341512,5.86532697657842,24.8429022305977,4.49247106134072,8.40837765030273,-75.8463399018664,0
15.8847234876199,28.1055660276575,26.3934769933711,6.21608753340878,23.70854755446,33.6611874017438,7.55079356353814,23.011644589174,2.08903085082116,9.56582460173509,37.974474558155,1
19.0757438962214,43.2138204149494,50.5156969867284,5.39190821805272,34.469943999367,35.7143173999066,10.2317600295354,29.8284666173707,3.32157602642974,10.7032717301706,101.343529645043,1
8.24307586698184,38.506987464295,40.757364321398,4.01296851541492,36.6605355057245,38.3050055444686,8.09448222275564,30.398536875524,2.621953743291,12.480281215274,-3.90138466590716,0
16.6430104098391,28.7249974171216,43.6653628932675,6.42471500420801,38.9393706324216,29.8865230771243,3.96701189963912,24.1878692369638,4.01908783317196,10.0849642592918,9.36594107018946,0
15.4773553892253,31.4307003998514,38.2234440352759,6.51958928551514,37.9371861186576,55.2761336855272,6.10989753540709,31.3318913291874,4.41854379525009,8.14064389844699,13.7281965432317,0
17.0355925624088,20.5263022935993,41.8381377493197,5.58939687509034,36.0771283586883,38.3047241029931,7.68099476062397,30.0674584810947,3.5793584533173,13.9170063890938,-20.1676678594385,0
20.8498379765972,24.7284826889501,34.9576810176325,5.55327153562426,38.3396976204629,39.1215889562149,5.46055008914083,30.0916734030029,5.30186165037936,11.2573891027295,-19.3181996051788,0
19.805272726987,25.3468549177402,36.2486226921246,6.42744441597738,21.3440231827833,37.0590356540282,7.25903198926014,25.7788401494571,4.41152787199859,11.2623718491529,75.7708949916198,1
9.1911038650993,28.7575836270375,29.0972767684614,6.36879866636042,32.0480587001756,40.7904603887687,8.71303735744779,30.3247111235418,2.40766860306896,10.8444860394834,-42.523117482997,0
13.96301259182,29.296769699795,43.974558156451,4.69877413277066,37.0237298483135,43.0653786729964,6.72297912497176,30.2893301991699,3.35934888589207,11.0833586478044,9.32251224949089,0
21.0302369706852,25.4437188466269,37.3604249421258,8.848379247513,42.3630605240932,28.1058484771603,6.86092160738966,28.4929522967902,2.26198126853724,13.4813834107994,-51.8777239690233,0
13.0394671692496,14.9522127475482,41.563127957794,5.67897432679717,28.2500466176764,47.0974842417736,6.19836727016841,26.2740472531926,4.03434561728318,9.04854326921536,23.1453405341378,0
18.5457798834294,27.7380008550556,16.9712663553913,8.16954225850267,21.7527478076298,33.4924227645586,6.11318529965098,29.8093524322979,5.22436214274299,11.03676443902,-19.5432334995221,0
12.9582380440536,26.2783022171697,30.932573883755,4.91970114898923,31.8413651505588,43.9860734972288,8.1755603813544,27.1198008963531,3.53954352689784,13.6127120288627,-14.6541474007122,0
10.2556498112725,29.6163079896397,39.7322433341736,1.19050492456012,30.7458861765422,40.4540461059432,9.00209231404026,32.0609987680307,5.34920239369075,6.19568901774805,33.2667625161486,1
18.9119784689548,32.1096752005646,32.558182276259,5.89469605221134,28.085170308839,39.2010102543826,5.95124426862592,20.9969138749006,4.29302859930472,15.4056603849082,54.3806761737376,1
13.6183326007742,39.6635935038141,33.1548593134459,3.88981804162766,29.2422450205351,50.4875114047319,4.18387314101787,37.8769386661073,4.97859031643897,10.0479597824103,14.8291381539901,0
15.7474830649967,40.3199952630617,38.9016095161931,4.1529821505445,32.5313283669964,43.6498833175141,6.92950294292889,39.9382281268271,3.55811197945312,11.9543516559711,9.48273710449655,0
13.7770574163696,30.280360677694,36.886842872908,5.51362245388185,28.2338009048947,33.2833312356383,7.38671516427975,35.1114562495027,3.60290161063842,10.6021071884838,-6.5660205965927,0
13.5543162578453,27.7310236760669,32.8422563246522,3.85215721215046,18.2313550583163,34.5773184469138,5.09969541292749,19.9043753059479,4.26893765650246,11.8944354300877,80.0642882047454,1
8.42192353493756,39.0646715578964,46.8509132348799,7.00807210301047,19.1614192007835,35.2477958869887,6.9916717668259,19.0351364746051,6.3060281537024,10.3063062078709,137.553128743757,1
10.9947035938093,41.8685322802216,50.9300864041816,3.50179678822594,36.452992920228,39.6539886863507,7.85484856721183,31.0632444816088,5.89242180248861,13.874980491723,45.9909274298807,1
17.1731479247794,13.9089159861984,47.3045049446879,4.47971331107231,24.4784116741855,44.3633248428837,8.15893769295887,44.159366321234,5.47293775200127,8.50257304831201,2.18628371366681,0
16.7663893736248,29.5699868542519,35.6476929817916,4.6379360512167,28.3993334266903,40.836822003853,9.84590223285834,37.5235744674656,3.31406135764228,5.59301702598702,26.8332135426335,0
8.98805345536505,26.1397341522948,45.5992630485843,5.37543977129745,28.268991780719,44.009878498595,6.77321746552735,18.0950853252051,2.77065218034458,11.9103630225864,73.5887256727098,1
16.4991889904098,29.997653523152,56.6082957332476,5.25750916880221,39.0143970757733,26.8564271791773,8.50035040587096,19.7505715395319,3.32616122542621,13.3035960013563,74.1569028556965,1
9.23674712527588,28.1716812195189,40.5000233717964,6.3828258240049,30.8661362412707,45.5872854957172,7.10313746185173,16.8095590027937,3.79693195075241,15.0288139690794,47.5501491305058,1
14.6829105227698,37.1428046979966,26.354964233516,6.74138224169953,17.3685080487844,48.8821915879495,7.95158627672447,31.1678658366776,3.69886712783018,7.10590817097226,76.1924221590353,1
19.0339711728184,24.3893316479643,36.6648943966319,5.37613238815607,27.4763543757169,45.3660466952664,7.71383204726334,37.3148648965904,2.91712831944604,11.3612123237865,6.24501835429136,0
12.212525771496,35.2238285625591,35.5851004718999,5.85618112776827,26.4906129030731,29.1390533966754,5.20418019476242,33.2307092574349,4.3382754870866,11.3337108930162,-2.59948031539009,0
14.3263049866397,9.13164189840235,40.0035973067998,4.11436054996828,21.7616260632174,29.6617738957382,9.16843318948998,26.6330811745541,2.89731985588508,7.54451191570188,28.7276537790649,0
10.5924591894296,24.6025484199896,54.6959745047407,4.28968421934344,41.7058910990969,28.4216795090036,4.49432090335263,21.3087707629232,1.58369888810978,13.6184312063316,3.53687996054168,0
19.9543782468594,18.449632505062,36.5482540046508,3.27192844680704,37.0084439533789,45.5220994549975,6.63329904843489,31.0270351119377,1.77258075247923,9.49806348925233,-8.86079404884847,0
12.9000960620314,35.8092392209254,36.9358551342327,5.93836477644062,36.5442980323337,36.132021419554,5.59130929404958,15.4728180114753,4.22614562827292,7.74185709940099,63.0251045263091,1
12.8797536147846,25.1919364738497,52.9314887002257,5.92537510256418,44.4051550277016,41.966029107011,4.55963261770534,15.681691038395,4.96070328290983,6.44396132213167,60.2049670153044,1
15.743496902316,30.2303326443109,39.4256067043795,5.52556595690647,42.5228599102977,35.0491207438739,2.94192685021186,29.1609506628732,4.57976293589352,10.5733043790381,-36.0673841859938,0
14.8379715590899,17.7950381749486,37.0475604120877,4.62670119969021,17.1142165491291,51.3640558743238,4.26681893692273,27.9492680502184,5.11696862297243,11.2774004234721,61.6524665293624,1
18.548493908289,26.3526089325239,22.9432981512253,6.58343324958715,29.8604356685021,26.7109257098218,4.92123013107581,19.9019088952655,5.06099445447196,9.51779847963655,1.36930931175904,0
20.7852653787511,41.9790851721202,48.8190016878111,5.67905692514102,33.7311123832827,36.5603368113251,6.86948967676645,35.252045526126,3.59451334075567,10.997595292544,70.1181208052691,1
6.43978612394974,29.2687985493004,50.2658742479987,4.00212331655123,26.3871506575051,37.9431747311571,7.93653637902869,27.1624077689615,3.65951393648571,11.4798923044701,56.5390489327125,1
23.9691671735152,30.0858088123047,36.6570918152038,5.88895687254453,23.8165226365661,33.5054951676172,5.17642497313242,34.1714032696573,5.07424501092191,13.5329944656408,43.8568405818451,1
16.6697381703086,20.7277766017489,33.4216865400207,5.55842102641748,30.1029142106123,40.9977461417322,6.04182790820275,21.0718188802341,2.81539112134188,6.6905753372564,40.9257228429042,1
9.65056272134171,33.8099312550417,56.9088036096702,5.14261379791236,22.7265875919154,56.514355998538,7.26850500636081,30.5797114056184,4.89876408279533,3.41880300598602,154.293802185692,1
15.7353349691271,34.0435110812172,26.9913257869837,4.40631427572642,31.2281376517818,36.219659874913,2.90648155307683,32.5763658161828,4.63555081959865,13.4790098053114,-36.8988297535632,0
13.8742715247056,33.8199862651399,61.0991124158035,4.41221818938812,31.7502791766581,35.3724122076786,4.00806799455288,24.2109885037894,4.19970956659085,13.4435361610362,103.758036690297,1
15.0213611173856,30.420060628376,45.6361404307339,5.81547080878862,26.6564128295585,47.6859740363234,6.49022864629868,25.5726275320328,4.20926163153934,10.2565937638611,93.9548587000619,1
11.5603989993705,40.1000497246752,32.7636856547764,4.59204339196612,30.7567399377866,36.023446927273,10.8153007270254,30.5894671626235,3.10430800298761,8.43067597096854,30.3107754600547,0
11.3411487471221,26.3211083368702,67.6832327461898,6.8587717942782,33.4050334957491,42.4633306429081,7.55005202028857,31.8956074971981,4.54514922999691,10.4388923332038,75.1108770750451,1
14.1107307701047,25.0492558924705,58.6321899250756,7.33769405159148,31.2520572608681,43.1926530936883,5.94824680086355,15.4548228078035,3.12061653208831,7.52330368258039,138.267849249441,1
10.2805018782846,35.4498465149985,44.1787881258158,3.29738076713375,28.6377795391228,42.3862034824933,6.95238395866298,24.5003806816172,3.80225838722184,12.6994703629738,73.3136979291853,1
16.114696252433,28.7614642898315,33.816656693353,5.08140601892697,34.0482926985251,43.4976718610203,5.99100851305861,27.0156418890443,3.40215361429064,12.0361698971442,6.84177096182156,0
14.8429637624265,43.340781207515,33.8230810749138,6.22173778629276,31.8400979517926,46.2293483552222,4.88339416436981,32.6484990016687,3.85341597927495,7.27905789915637,37.8889875017732,1
13.6358856786993,28.2087141388147,53.909550369247,3.2496866978034,34.6375673569421,49.5718394169025,10.114015117488,25.5404098886445,2.97739503914902,3.85011695588498,114.554543873371,1
14.1857079348224,46.2344003330362,28.34128792205,5.85742527905327,33.837431790524,55.1687910749569,10.8261170607034,31.9179849963709,5.3062554376358,11.3284796626705,36.0234357480182,1
12.9759830006223,20.1608887594485,27.6693499722234,4.81460547137281,30.9010789397764,43.6503443744426,6.33188305448711,34.7690359645386,2.06182680979331,9.26181101336,-61.9692283349209,0
15.2269881967244,24.2217656451672,37.0096585193021,5.09160728932345,45.9541490881691,36.431062242468,7.59140389683759,33.7879331312429,3.81590133646171,8.21344108953461,-75.0231950093677,0
15.7261155483793,27.4651460572899,44.0409004435603,6.15310579390017,33.5740954815894,24.609209064859,8.44894594428378,34.9482387918,4.00171665674659,8.10936807356325,-7.41138264035374,0
22.1215197264097,35.0228785032137,41.6653088847407,5.80702692516935,37.4990281623992,39.1829174368498,8.47042752326948,18.1598293967799,5.50015141010604,10.3497233973225,102.025272282895,1
13.4329948899074,36.4790169730947,17.5856886065299,4.82708821307231,40.5794194081184,32.1851961499954,6.4526454796161,21.4385100462133,3.21302892815021,7.95946495734635,-41.0871513418449,0
16.3866051126187,43.5426644659301,43.9308009043291,4.66279799925053,31.5937838246959,46.895444493364,5.1041137738605,21.3118498186179,2.24641430857462,8.18680099180835,132.644563698769,1
13.9517179578206,42.4988407296733,47.5106217874516,5.94054653098337,39.2106229559799,31.5559066513251,8.31465883454091,26.956612490427,3.06068746795554,8.41884462138617,56.1545977496722,1
13.4153722503861,32.4509374731425,40.0550241034326,4.29674123436907,39.1773807754087,51.5010377169273,5.61934388752876,31.1126458500056,2.7888413920051,11.5329753702037,-2.95806349696418,0
15.7736886976293,26.9110875482154,47.4572077763664,5.72936377794737,46.4417845475894,35.1921340951544,8.26067124261996,24.7550427082736,4.35781605745828,14.5657913316424,-15.5459791940223,0
10.8578813136661,24.7164177515504,24.6390064834577,4.20445387545142,21.6277988710155,23.5820777259563,8.15312644887591,22.0514171100234,3.10166530393846,10.302474530326,7.48292646014954,0
17.5727394989277,32.4512633391045,49.9763899679075,5.2840742035338,19.1680100352217,34.3431157048089,5.47022396846721,41.680116017136,3.50224621064527,8.31371476558119,74.8283304113537,1
20.7811318036102,30.2531949838011,46.1387920519807,3.74096305414505,29.1969292399828,33.4712662809173,8.35829273942154,21.7742886459635,3.64917613861396,12.9126174956039,109.394526804956,1
11.8069339676803,26.9495867317429,45.0516029375236,4.10744968730936,16.6378676966291,35.4390374305999,6.31237908171223,20.6324254650617,4.39452178223819,11.2098056302711,121.574546280369,1
13.1907174769088,37.6153759816444,36.0549948914121,4.14577379812884,25.776792152532,41.732971610909,6.81269721567609,28.5719520717468,4.09596599924505,7.70544720006684,73.5450841065386,1
17.2079951439357,34.7311541795367,34.306858818694,5.21811767491151,38.1181743886569,40.2095854371541,4.71989866273089,21.9477527906824,5.32931188180974,9.19310375428896,33.9653362688766,1
14.2563033549322,15.4506804877467,35.572517685173,3.62734260589555,27.6634924177653,38.2640159446686,7.96246922604329,31.3436569384739,4.32563422816616,8.00794782580572,-7.32733803695338,0
9.69614931919113,27.3173015262923,38.307652851783,5.89184466101232,37.3003351665628,53.9173718903437,6.38317495916794,32.2997955796907,3.51075099482801,6.38257161884186,-17.4412379313714,0
15.1386230658303,24.5755025523424,54.1940606502023,6.56043655838284,28.913046604438,40.1091061310872,3.34267776254988,36.3458095778614,3.46640802234307,9.7165634307195,29.0756943069978,0
17.3049236590182,23.4077840287266,33.5449770148025,3.66214321519038,19.5882972813831,65.0353606096134,9.34853533744244,41.3700663270454,2.79551379185175,8.76623258797671,49.1504200176322,1
7.77629867307121,35.3552551774254,40.2765337366788,4.93455377165466,36.6260810696274,46.7052151688154,9.00333230252609,30.4331051293027,3.75731410853341,5.71036965124389,18.3317830188529,0
11.3863377259093,23.5198960486984,43.934034284731,5.87955924151144,44.9603039550433,34.1200868260094,2.96438522732658,19.5907130655917,3.04045764228654,7.84377546126401,-20.7503037264094,0
15.6942174792954,34.8743597043677,31.2615891903913,2.71264488159896,43.7509715374829,47.5776632292459,4.59701508080914,26.6437315896024,4.07404414554093,10.5046375722085,-14.5477474768991,0
11.3357732624552,27.141872257117,31.8320261479863,7.53633889297563,23.5619532135002,40.6185566439233,8.44764515760456,27.0430798197327,5.0791974169256,9.44668668868206,23.9314180794575,0
15.9356875921271,27.3954456053004,22.6591604183885,4.24391732039099,32.7167521159496,35.4691782283966,8.18418857168892,15.2321724127363,3.82009581947949,10.3472140988336,25.9891357221044,0
21.5412044184669,33.5613162867784,43.1077410589321,6.56761266783347,29.6303849925675,56.4072039055987,6.76360301956993,43.9965001721979,2.03120919669033,8.93831393310761,39.6426182811745,1
18.0710040879481,33.8254876402242,32.3182746759418,3.58488866927169,22.494447936549,44.9094303857596,7.66110689414292,21.2902299967239,4.05499176254482,13.7889034585152,104.505867269692,1
13.0017715617322,20.4126999083544,41.4188006988665,5.35199268152398,30.1523670083756,38.8377274941542,7.69877141095002,31.2535627540237,4.2916456345921,10.5884595197739,-3.13420294010052,0
15.177833333701,29.1819381118404,41.8432552539184,1.3176318736116,35.8018182073254,23.7418842326201,7.57690950344116,40.049688141904,5.59056366087242,13.9974380471409,-49.3041063967289,0
14.2931595140305,41.2631868705806,46.0166279118118,4.66285297050955,8.32125173639963,40.7415193648726,5.52581023696499,25.699233171743,5.87723786714243,8.43030498244131,201.680439823237,1
19.4352104489297,26.4430882146949,25.7105900845736,6.51901535081297,27.6788415785616,39.5807392832039,7.74901614000998,35.5530485473086,4.34418874801372,10.2644272854212,-22.1483835627033,0
12.1325047744764,21.4564747028242,40.7176559499855,4.71416720998882,51.2123006871202,42.2130161566751,8.09571065074777,9.23360910076766,3.52995736277782,11.9218815849245,-0.811330658249466,0
16.6976268985881,31.8612307832453,50.9437048437161,4.38110351864489,38.2542671110268,36.8084951616259,6.13689143332767,22.2625952021812,6.27741940557757,15.1871976050508,60.388660090765,1
15.1506322063561,35.4152417978777,52.1814471516691,4.10989006086675,43.5441279321924,45.8545279579204,2.02903082143388,24.0683792819293,4.57237408631132,11.5150807755453,50.8497361797046,1
13.1706037693243,19.6429543571434,50.8396924307155,4.68829780695706,36.577679802251,46.5818991096319,7.57308758817042,30.3100048551069,5.15882904747004,3.25634263179045,38.4543704725506,1
18.2713314859859,25.3641195889689,38.8716352665513,5.48484673249142,31.7556961554191,26.4927053271858,5.50404218160527,33.8815335150091,3.62793899558236,11.3537248953896,-20.9564661700327,0
13.1905639415956,27.2463954734874,17.8246493853306,2.05432947045028,39.1935924713,32.7964823486721,8.27716027268163,25.3800382401575,2.42444225283058,12.731025490359,-79.8619116879311,0
12.1699369364575,26.5992879234723,60.2227823625092,6.80153055331275,36.5307196074502,54.1528400133241,7.14253621364416,27.6144495849113,5.84641011784044,10.9507793488271,73.6358545491367,1
15.712138263723,36.3277517686187,51.8235806539922,6.12593382824075,24.8343412723401,32.7576175460367,3.9623222390248,28.1266605408796,1.92212901509691,8.86761829999173,105.761582767093,1
11.3269489204608,43.2165505917818,23.1179388550294,5.29223218242038,54.4256878754976,35.3093592562867,7.35802192414033,29.6955765223337,5.14098149639369,10.7414904932226,-114.609087165358,0
7.92454461793834,25.412287119973,54.2062675887853,5.25899472542229,38.1911048891007,24.903339850939,7.29414862724891,35.4181751785592,5.12702504366794,11.1749358760327,-43.4177867419486,0
10.1078146536854,29.7852826277726,31.7723931926299,9.1827614518445,44.3394516094566,33.3498009372354,5.72234274133239,8.56886990464174,7.16230146907716,12.108867858275,-14.3317902402519,0
18.8937175128903,18.9901820751304,36.8035287830542,3.62331791325465,37.6194893601589,50.4994838558563,6.74142664576471,18.6258686682874,3.36038377919837,10.1084573182057,44.2777427647611,1
26.7480998246227,32.5574142751978,43.3226725847855,4.23174786403536,28.3555692815736,46.6382284886076,7.86215437474441,30.6442435698075,3.96544171694982,9.25275365620853,124.447656889514,1
17.1686758409588,25.2079954438442,25.0993298855413,4.16193714953882,45.0647574370564,39.2421535589993,8.58738162771371,36.2361036541947,2.46442513438996,8.47471117755557,-101.956837232428,0
13.535970153053,21.9431080545326,49.7922361150277,6.61664688323643,38.3325798728242,23.7936129800586,4.56562214116398,20.7239983026115,3.56847164771083,13.7478069886014,-4.67044818003134,0
11.8239515862241,25.3449842882401,47.7803438205884,4.54419442938341,26.7670986335743,43.2577568571015,4.72055030355719,20.1382848663048,4.68167528628548,7.59410688869594,100.468282809411,1
17.8634126822758,24.4967340671683,37.2755737661738,3.92569920957279,34.7579290782441,36.3905598124076,3.94635607811031,25.0582071513966,4.7302720395266,9.28506765101355,15.9007361770184,0
14.3459794937614,28.4832533906106,61.2075187162691,4.02123601225178,46.2217825548849,27.3340016724474,10.4739986442467,24.4406728316572,3.45284800643665,8.77185554350383,49.0022070692602,1
10.0200961983317,33.9095583052963,36.1522128474318,4.93182763142232,36.5554633968849,58.0034072583132,10.7528021877385,30.2111238237366,3.44074650762688,11.2901448393332,9.66403802399214,0
13.3872504426083,22.9945834556279,40.1913877237525,6.60693446998077,36.4730815605502,33.4838355111347,8.07291897330588,25.3327198796518,4.15957207674468,7.82096627633024,-1.92156161159157,0
15.4232781612932,32.1492792362601,68.8548560952373,5.84241034434425,42.1532045430711,33.3145937225378,5.30273893087333,26.1498150759858,4.66092010883858,13.6012006791049,72.1197134100977,1
19.9256252491021,29.6406113511111,55.6887112162766,3.20439793495911,34.086318446401,38.863180061112,6.86921989762181,37.3851859934436,1.23627326623747,12.3951245037965,47.745747734955,1
12.6699502374078,23.1365570043834,21.810499653583,5.76609172389074,33.1105012271138,57.9786411948932,3.30278808960774,31.0560455579104,3.53309575118171,7.3175085265623,-49.5100441342042,0
20.5519356541825,40.9555891243,35.8058063149998,6.61941272700104,33.889793611871,46.4868907151319,7.04371829003467,36.4409885906198,4.35395324683293,9.15064256747222,34.7235708716401,1
17.7687403862182,23.1101596973941,28.3468228253974,3.04920178106096,35.7861281554299,25.7999804584736,6.6800130065492,25.017078940178,1.82925097515334,13.5583439274351,-43.0269146169116,0
12.7078013798445,19.1978314431023,44.7273797094893,4.07290755103517,30.2930879677973,39.8780892376594,7.15202905686436,22.282038053426,3.84284163783291,10.0553443350908,47.1623884897989,1
17.8217481913397,33.3637404171258,24.3174784352953,3.09244082412891,20.2207725134972,37.5519774309225,5.85782203296743,48.4659466561387,5.47710959705181,10.9031883313986,-34.0916125301355,0
17.5458035182554,37.8396357691423,51.3644904934783,2.05132661718704,40.6006582968734,50.8940099164248,3.20911471375082,24.4677461754877,2.2168805021567,11.5354728216943,90.3098237923545,1
16.9546902664191,35.0522983760196,47.1703444299724,4.78511231987955,36.872238115451,30.3609544081782,5.04663641423967,32.0173342236045,2.76222663276835,12.3518816469712,14.2828917005002,0
14.874357161999,31.5838542726561,46.9776130981333,3.89650885027747,22.7814066500299,55.2689566458417,8.26183681196122,25.4355468893629,4.45619847475128,11.0257455067304,136.959718302761,1
20.2949981544352,29.4069968592017,36.1216524802256,6.79864612763056,39.5038203684025,43.8182040427645,5.89282061893045,27.4645230946436,4.70308316853803,11.3070094174753,3.56755593668949,0
14.111870467835,32.222061207464,38.4723699914494,4.45942948120489,30.3696745705,61.3744705622335,5.0080319743212,35.3185973938239,5.39567300743453,13.3796999639019,20.4795817223149,0
9.16723388632418,22.7800532262029,28.3821100112393,6.95875193188342,43.0055870826432,59.5668282249805,6.83542730741801,34.991673633084,3.57786545492522,8.73875642370477,-104.349084633368,0
14.9297400538653,27.1538738997365,31.0145864927874,6.69258522953592,30.6901915798133,46.0380441681644,5.95279748029451,29.9168645713961,5.21875487908805,10.4565952316723,-7.30095132247215,0
15.378657759461,31.8872168289002,54.2066174695644,3.68836716110587,27.2376327559634,48.487090538284,9.49314710317757,15.3740940105562,5.16254318726681,7.84105745886285,193.744059425417,1
10.4717360325125,35.5293521436086,43.5488560175066,4.80353589889416,22.5326863249784,31.3968129757942,8.5094975924999,33.3502232144481,2.70211300630288,12.3533216658675,46.201714174407,1
20.4942063708214,16.8391577063737,19.7482997071456,3.6546212914774,25.6655661800143,41.850118899739,7.58670312558425,25.1788582416771,3.21440055507533,16.2357262497288,-19.9585591214884,0
17.8049568330714,31.3659976826998,42.1851535314403,5.12938703786083,42.9241079855286,37.0408491442805,6.69143020653514,37.395659104384,4.20340082679638,11.6799002914272,-42.034230019146,0
18.6370705840788,30.7383336249823,31.5382157725168,4.40675212319027,39.1846820250735,35.5790619629391,4.76633711889716,19.8812375804162,4.82644982010907,5.32290734208402,33.4414248386401,1
8.8611036374721,30.2258899380174,48.0957318956798,6.39504507711911,30.5804850175401,69.7082438925493,2.64848779352434,26.1997068127634,3.60140336152333,11.8320464129824,67.6228057257232,1
10.5961767991312,46.4841790740663,33.145333034153,3.05671212552978,27.82396334585,28.7515947741031,10.8034815259285,22.3577154524141,2.23552326188489,10.0932079791058,84.2400401837006,1
13.7059150797585,12.8887595456252,28.818713312809,4.52563567666452,27.4047196547942,46.7134897617169,8.91256521254528,35.6951426218688,3.81960091465227,12.5749227923298,-62.6009121685083,0
11.3202900292928,26.698419704128,46.953554734795,3.37550404567709,40.5670358670265,44.468475479536,4.66832016473009,24.1577441784693,5.38018591434847,8.97619220474583,22.7237980190252,0
11.7301009804483,27.8472787523517,39.8620271214329,8.06444600524407,29.9698887358618,36.3091633854312,6.41297779062468,26.0140902082806,4.7588106571739,11.6135041693481,8.8271168332965,0
11.1685482296771,33.4122861104924,36.7775107042705,4.51166834091073,22.7506302107944,48.0523995144795,7.45524254174088,28.61644071623,4.07028236668402,7.23948043496872,79.974457425529,1
6.04634931866365,26.7743887577684,20.6202339851843,4.38778449129898,16.9641171359243,41.3930963020597,6.9704631118259,22.8000034232231,3.46961951273551,11.1601564431072,12.6786092152666,0
14.2766959304179,34.4093173879053,45.2594636915217,4.40503243808957,24.6981761495204,35.7345000434294,4.93259859038194,28.9308942407828,2.34963982750479,8.56965391386768,83.4467279178405,1
17.0431353890355,26.6116850991724,45.1488457634006,6.35517850217499,35.2286586578078,47.7077655363922,10.4656614166116,33.6211095760818,2.79224061891627,13.3611410763993,15.1676763857533,0
23.9022744096663,26.9245649968658,31.8781798727525,5.66043057932789,39.1908359415772,40.9271296550874,5.7650178556275,36.3598247823334,3.93012553108865,8.90634710893234,-32.9490003981482,0
14.3742410142979,29.7312166906797,30.0563409553089,5.08515718863888,32.3090132973631,60.8938987275141,5.11868157205564,30.7250130955304,3.3341488713687,9.02603628978383,11.4673933821469,0
14.1823832637168,28.2677596203122,53.1984141148694,3.92834247588372,41.6099010788281,31.9708429205464,7.56762638093957,37.858010428384,2.70289341712199,6.45392690800964,-10.5669462366375,0
14.3257806432847,37.7210089086919,42.5637621577594,2.96337694916777,32.3449089560745,44.1959182706598,8.01077087895234,27.7065735585544,5.21149173380881,6.61412833487843,87.3687633027416,1
14.2374905764008,22.5390526309237,44.7413564458359,6.649742068947,27.6920639944779,37.9545674683323,8.25843746098198,24.57732439282,2.39781017881464,12.403210163332,46.5861865072523,1
14.6489374568769,20.0101456616932,35.3212087557992,3.52381658534942,28.3743513138622,45.1473964416151,9.02584419059252,21.9165709013363,3.47619275541972,6.54695344008887,62.3218621358842,1
11.3287359970108,25.2046225628126,24.4000922128955,3.84631477752749,17.9223268076453,61.1752154369187,6.18519067363144,25.5036168502617,3.83168914578611,5.16790281245587,74.0281411160696,1
15.7022235324135,25.4820333897125,38.9717325046979,3.90768122365135,40.6447775763124,34.1879694276765,4.98642823173688,20.9815028554255,3.16585596150055,11.6004964873827,-2.43307443598678,0
15.4734187423272,31.3709460455361,37.8282112153845,4.68672286066775,36.3467033658542,28.3451676463297,7.17928957609537,36.8458033307472,3.41455728775599,7.32044273372515,-28.9254111020068,0
13.407453168209,31.4528946026491,29.3782978246967,4.6544896222593,34.1655381474723,42.9194056173051,9.79798411052549,25.8515957838649,4.03557186542296,6.00417175340309,25.2035062086608,0
12.6810447567781,23.7095921109602,30.1875694129734,3.71731626182648,29.6689126948028,56.1147714935084,7.68482606527375,31.1875836609671,2.79488311893792,8.76426746676096,3.39802326651079,0
13.2387210955029,34.5150936685046,48.5565041012481,6.55172971901499,45.0123063814581,52.6548650374726,7.59640109461011,24.2545705333788,4.7077148632602,7.02482287261424,48.9956033063028,1
